ID,Asistencia,Parcial_1,Parcial_2,Parcial_3,TP,Final,Bono,Nota_Final,Clasificacion
ESTU-0001,68.7,51.1,55.7,80.4,74.3,63.6,0,39.8,Insuficiente
ESTU-0002,97.5,72.5,54.8,87.8,88.3,68.4,17.7,77.2,Satisfactorio
ESTU-0003,86.6,92.4,94.4,55,85.6,91.3,0,85.9,Optimo
ESTU-0004,79.9,83.9,55,77.5,49.2,60.4,0,38.7,Insuficiente
ESTU-0005,57.8,88.4,56.3,74.3,49,92.2,0,39,Insuficiente
ESTU-0006,57.8,79.5,85.6,90,56.1,45.3,0,45.2,Insuficiente
ESTU-0007,52.9,81.5,67,94.4,61.7,86.6,0,44.7,Insuficiente
ESTU-0008,93.3,91,86.6,40.7,64.5,90.9,0,78.4,Satisfactorio
ESTU-0009,80.1,55,43.9,80.4,80.8,50.9,0,60.4,Regular
ESTU-0010,85.4,69.4,69.3,43.1,43.4,65.8,0,59.2,Regular
ESTU-0011,51,53.3,42,72.9,42.1,49.9,0,30.8,Insuficiente
ESTU-0012,98.5,99.3,43.8,57.3,63.5,82.4,12.7,74.9,Satisfactorio
ESTU-0013,91.6,96.6,94.4,58.4,81.8,72.1,0,78.4,Satisfactorio
ESTU-0014,60.6,42.4,48.4,61.2,51.6,78.1,0,30.6,Insuficiente
ESTU-0015,59.1,82.3,71.9,77.3,78.5,51.8,0,46.6,Insuficiente
ESTU-0016,59.2,95.5,64.7,60,55.6,52.7,0,40.5,Insuficiente
ESTU-0017,65.2,50.8,60.8,84,93.2,42.5,0,44.7,Insuficiente
ESTU-0018,76.2,74.1,94,64.3,93.7,59.3,0,49.7,Insuficiente
ESTU-0019,71.6,94.9,41.3,44.1,57.8,73.6,0,35.6,Insuficiente
ESTU-0020,64.6,42,79.8,87,53.8,91.5,0,38.6,Insuficiente
ESTU-0021,80.6,81.8,97.8,57.1,64.7,80,0,76.5,Satisfactorio
ESTU-0022,57,57.8,73.6,66,54.4,66.1,0,37.2,Insuficiente
ESTU-0023,64.6,95.5,96.2,81.1,80.3,97.2,0,52.4,Regular
ESTU-0024,68.3,98.3,43.1,59.9,89.6,83.2,0,44.8,Insuficiente
ESTU-0025,72.8,96.7,65.1,43.4,80.4,95.8,0,43.4,Insuficiente
ESTU-0026,89.3,68.5,55.6,62.4,89.5,71.7,0,71.4,Satisfactorio
ESTU-0027,60,91.7,83.8,96.7,63.8,55.5,0,49,Insuficiente
ESTU-0028,75.7,90.7,98.9,78.5,49.4,43.2,0,45.6,Insuficiente
ESTU-0029,79.6,59.1,55.4,80.3,84.3,83.6,0,42.8,Insuficiente
ESTU-0030,52.3,89.7,79.3,77.9,61.6,47.3,0,45.2,Insuficiente
ESTU-0031,80.4,42.2,51.9,51.9,80.3,58.2,0,58.8,Regular
ESTU-0032,58.5,75.8,73.9,65.1,56.2,71.9,0,39.9,Insuficiente
ESTU-0033,53.3,53.8,67.8,85.1,44.9,73.9,0,36.5,Insuficiente
ESTU-0034,97.4,47.2,98.3,46.1,99.6,76,19.9,79.8,Satisfactorio
ESTU-0035,98.3,44.6,76.5,56.7,49.4,50,9.9,55.6,Regular
ESTU-0036,90.4,81.8,61,56.6,99.3,62.8,0,71.6,Satisfactorio
ESTU-0037,65.2,60.4,46.8,65.9,98.6,77,0,42.8,Insuficiente
ESTU-0038,54.9,83.5,49.1,98.8,87.6,98.2,0,48.4,Insuficiente
ESTU-0039,84.2,43.9,53.5,44.1,79.6,83.7,0,68.3,Bueno
ESTU-0040,72,58.9,55.1,71.1,74.7,95.4,0,39.6,Insuficiente
ESTU-0041,56.1,72.4,91,50.8,92,85.7,0,47,Insuficiente
ESTU-0042,74.8,87.4,73.7,98.2,57.4,75.5,0,46,Insuficiente
ESTU-0043,51.7,59.1,71.4,46.8,68.1,51.5,0,37.3,Insuficiente
ESTU-0044,95.5,77.6,46.9,64.2,77.2,80,15.4,75.7,Satisfactorio
ESTU-0045,62.9,93.2,91.6,84.3,64.7,77.4,0,48.8,Insuficiente
ESTU-0046,83.1,77,83.4,82.3,65.6,76.1,0,75.9,Satisfactorio
ESTU-0047,65.6,54,44.1,65.4,59.8,69.4,0,33.8,Insuficiente
ESTU-0048,76,41.5,82.5,60.8,73.9,71.7,0,39.4,Insuficiente
ESTU-0049,77.3,92.2,72.6,63.9,91,60.1,0,48.7,Insuficiente
ESTU-0050,59.2,41.3,44.9,55.9,52.1,71.2,0,29.4,Insuficiente
ESTU-0051,98.5,92.5,67.5,52.3,96.1,51.9,19.2,72.1,Satisfactorio
ESTU-0052,88.8,71.7,69.1,69,81.3,88.3,0,79.5,Satisfactorio
ESTU-0053,97,96.3,49.9,56.1,89.4,51.1,17.9,68.9,Bueno
ESTU-0054,94.7,87.9,96.7,57.2,73.4,45.1,0,65,Bueno
ESTU-0055,79.9,99.9,91,79.4,86.8,66.2,0,53.4,Regular
ESTU-0056,96.1,61,80.1,98.1,41,79.5,8.2,73.5,Satisfactorio
ESTU-0057,54.4,86,67.7,76.2,89.1,66.3,0,48.5,Insuficiente
ESTU-0058,59.8,64.1,64.7,44.6,42.4,56.6,0,31.6,Insuficiente
ESTU-0059,52.3,68.8,79.1,44.5,93.4,73.5,0,44.3,Insuficiente
ESTU-0060,66.3,77.7,72.7,97.1,99.5,60.8,0,52.9,Regular
ESTU-0061,69.4,92.4,43.7,57.8,57.6,96,0,37.4,Insuficiente
ESTU-0062,63.6,99,70.8,45.5,52.6,95.4,0,39.2,Insuficiente
ESTU-0063,91.4,86.1,88.4,75.9,85.9,70.1,0,78.6,Satisfactorio
ESTU-0064,67.8,65.1,67.6,77.4,55.2,59.7,0,39,Insuficiente
ESTU-0065,64,65.3,43.1,78.9,91.9,84.2,0,43.3,Insuficiente
ESTU-0066,77.1,84.3,87.2,56,46.2,42.2,0,39.6,Insuficiente
ESTU-0067,57,54.3,52.1,40.9,47.6,68.5,0,29.2,Insuficiente
ESTU-0068,90.1,46.6,55.5,97.9,98.7,60.2,0,70.5,Bueno
ESTU-0069,53.7,61.3,49.9,55.1,80.4,95.2,0,38.2,Insuficiente
ESTU-0070,99.3,57.2,59.8,80.6,90.8,40.7,18.2,64.4,Bueno
ESTU-0071,88.6,57.8,85.4,82.4,59.5,73.2,0,71.3,Satisfactorio
ESTU-0072,59.9,54,71.2,76.6,80.6,84.4,0,43,Insuficiente
ESTU-0073,50.3,42.5,52.3,58.8,75.7,69.1,0,35.6,Insuficiente
ESTU-0074,90.8,41.1,92.7,56.3,76.2,45.1,0,58.6,Regular
ESTU-0075,85.3,99.3,92.8,75.9,81,98.3,0,91.2,Excelente
ESTU-0076,86.5,65.7,92.2,92,74.5,71.1,0,76.7,Satisfactorio
ESTU-0077,88.6,63.1,54.3,96.8,65.7,76.9,0,72.5,Satisfactorio
ESTU-0078,53.7,80.8,67.1,46.4,56.6,54.2,0,37.2,Insuficiente
ESTU-0079,67.9,53.1,99.1,49.3,86.1,69,0,44.1,Insuficiente
ESTU-0080,55.8,97,86.3,96.7,53.6,65.7,0,48,Insuficiente
ESTU-0081,93.2,87.2,41.6,84.2,81.5,44.5,0,62.5,Bueno
ESTU-0082,81.2,45.4,43.9,93,54,46.4,0,53.7,Regular
ESTU-0083,66.5,65.1,67.8,52.2,77.5,90.2,0,40.2,Insuficiente
ESTU-0084,53.2,92.7,94.6,75.3,84.8,54.4,0,52,Regular
ESTU-0085,65.5,96.7,72.3,82.1,53.1,51.7,0,44.1,Insuficiente
ESTU-0086,66.3,68,69.9,80.8,43.6,70.3,0,37.9,Insuficiente
ESTU-0087,86.5,76.8,46.3,64.5,47.9,86.1,0,69,Bueno
ESTU-0088,81.9,50,79.4,40.9,76.4,43.7,0,55.5,Regular
ESTU-0089,94.4,99.5,89.3,75,91,74.6,0,83.2,Optimo
ESTU-0090,73.6,53.9,62.8,55.2,42.7,47.2,0,31.5,Insuficiente
ESTU-0091,56,96.6,86.5,67,84,42.2,0,50.1,Insuficiente
ESTU-0092,85.7,79,97.9,97.5,60.5,43.2,0,66,Bueno
ESTU-0093,88,76.5,52.2,63.9,68.7,90,0,75.4,Satisfactorio
ESTU-0094,78.1,70.8,71.4,90.4,95.7,47.1,0,50.1,Insuficiente
ESTU-0095,88.5,53.8,57.2,51.3,59.9,42.7,0,50.7,Insuficiente
ESTU-0096,74.7,50.6,87.6,80.3,67.9,66.3,0,42.7,Insuficiente
ESTU-0097,76.1,53.2,74.7,98.6,40.8,90.6,0,38.4,Insuficiente
ESTU-0098,71.4,51.2,78.1,46.1,44.9,55.7,0,32.4,Insuficiente
ESTU-0099,51.3,86.8,87.9,40.5,55.5,65.3,0,39.8,Insuficiente
ESTU-0100,55.4,61,63.8,66,41.7,42.4,0,33.8,Insuficiente
ESTU-0101,51.6,43.5,94.9,45.6,77.9,66.9,0,40.1,Insuficiente
ESTU-0102,81.8,98.1,72,84.9,65.6,74.7,0,77,Satisfactorio
ESTU-0103,65.7,93,49.5,94.9,72.9,74.3,0,46.2,Insuficiente
ESTU-0104,75.4,95.7,81.8,66,50.5,59.9,0,42.6,Insuficiente
ESTU-0105,95.4,99.7,87.6,55.5,57.8,58.9,11.6,69.8,Bueno
ESTU-0106,62.5,50.4,59,66.1,79.8,46.4,0,39.4,Insuficiente
ESTU-0107,70.5,63.8,91.4,83.4,97.9,62,0,51.4,Regular
ESTU-0108,87.8,85.5,94.4,40.5,43,46,0,56.4,Regular
ESTU-0109,61.4,81.8,56.6,75.4,93.4,86,0,47.2,Insuficiente
ESTU-0110,53.8,49.2,99,76.8,74.6,98,0,44.9,Insuficiente
ESTU-0111,64.5,88.9,48.4,78.3,73.8,98.2,0,43.5,Insuficiente
ESTU-0112,58.1,53.5,52.1,54.5,70,91.9,0,35.3,Insuficiente
ESTU-0113,96.5,53.4,51.1,82.8,44.2,76,8.8,66,Bueno
ESTU-0114,90.4,72.2,93.6,45.5,45.4,82.1,0,70.1,Bueno
ESTU-0115,81.7,75.6,79.3,52,76.1,57.1,0,65.6,Bueno
ESTU-0116,93.6,74.8,49.1,92.6,60.5,77.8,0,72.1,Satisfactorio
ESTU-0117,90.2,45.5,66.4,84.3,95,67.3,0,72.1,Satisfactorio
ESTU-0118,59.3,92.6,76.9,40.8,64.4,68.9,0,40.9,Insuficiente
ESTU-0119,94.6,55.9,45,54.9,48.6,85.5,0,64.7,Bueno
ESTU-0120,77,47.8,92.9,52.9,82.9,56.9,0,42.4,Insuficiente
ESTU-0121,90.4,93.3,88.2,56.2,57.6,59.1,0,66.8,Bueno
ESTU-0122,94.8,97.3,70.3,54.9,71.5,95.5,0,82.2,Optimo
ESTU-0123,65.9,91.7,98,43.8,81.9,43.4,0,47.5,Insuficiente
ESTU-0124,55.5,88.6,65.1,67.5,94,69.1,0,48.3,Insuficiente
ESTU-0125,61.4,79.3,99,84,87.5,94.8,0,52.5,Regular
ESTU-0126,71.4,73.1,80.1,76.4,80.6,76.6,0,46.7,Insuficiente
ESTU-0127,90.9,45.2,78.1,80.4,80.8,72.8,0,72.4,Satisfactorio
ESTU-0128,93,64.5,50,44.9,96.8,55,0,62.6,Bueno
ESTU-0129,50.3,62.4,92.9,97.1,57.7,60.6,0,45.2,Insuficiente
ESTU-0130,75.5,55.6,65.6,90.3,40.1,91.1,0,36.2,Insuficiente
ESTU-0131,70.9,83.4,49.7,88.3,56.3,73.6,0,40.8,Insuficiente
ESTU-0132,61.1,69.8,40.8,89.4,53.1,70.9,0,37.3,Insuficiente
ESTU-0133,56,44.9,73.6,96,79.7,46,0,44.5,Insuficiente
ESTU-0134,66.9,53.2,71.6,72.7,78,41,0,41.9,Insuficiente
ESTU-0135,97.1,81,83.2,52,75.6,97.8,15.1,86.1,Optimo
ESTU-0136,66.2,44.6,93.4,77,41,62.6,0,36.9,Insuficiente
ESTU-0137,75.9,91.1,44.8,84.6,83.7,76.2,0,46.1,Insuficiente
ESTU-0138,85.2,69.7,83.9,84.3,59.4,44.8,0,61.5,Bueno
ESTU-0139,68.2,68.8,51.2,71.3,79.9,81,0,41.5,Insuficiente
ESTU-0140,98.6,75.5,91.5,44.1,73.4,96,14.7,84.2,Optimo
ESTU-0141,98.1,89.5,89.1,62.3,60.6,74.5,12.1,76.5,Satisfactorio
ESTU-0142,62.6,60.9,72.4,95.2,48.1,47.6,0,40.1,Insuficiente
ESTU-0143,74.9,80.7,82.6,75.1,45.7,74.9,0,40.9,Insuficiente
ESTU-0144,65,73.9,58.9,72.3,89.9,86,0,45.3,Insuficiente
ESTU-0145,64.2,56,68.3,56.1,95.1,64.4,0,43.1,Insuficiente
ESTU-0146,51.8,92.7,89.3,62.1,79,92.8,0,48.3,Insuficiente
ESTU-0147,80.5,87.8,67.6,93.7,46.2,78.9,0,74,Satisfactorio
ESTU-0148,75.1,79.5,61.5,80,64.1,94,0,42.3,Insuficiente
ESTU-0149,52.6,91,69.7,87.2,83.7,77.4,0,49.8,Insuficiente
ESTU-0150,63.9,92,89.7,67.3,86.8,47.9,0,50.6,Insuficiente
ESTU-0151,95.4,82.5,60.1,77.8,47.1,58.6,9.4,64.1,Bueno
ESTU-0152,62,90.2,50.4,54.9,40,52.1,0,34.1,Insuficiente
ESTU-0153,57.2,81.8,82.7,82.3,82.7,94.5,0,49.4,Insuficiente
ESTU-0154,74.5,80.8,89.6,65.7,61.4,85.6,0,43.8,Insuficiente
ESTU-0155,99.3,77.1,46,66.6,55.3,80.6,11.1,70.8,Bueno
ESTU-0156,62.1,85.2,54.4,79,40.8,58.1,0,37.3,Insuficiente
ESTU-0157,83.6,49.5,48.5,96.2,72.4,51,0,60.8,Regular
ESTU-0158,88.1,92.9,60.9,43.8,91.1,85.4,0,78.7,Satisfactorio
ESTU-0159,61.9,92.3,67,89.5,97.5,68.4,0,52.7,Regular
ESTU-0160,86.4,41.8,84.9,57.5,73.9,53.5,0,60.7,Regular
ESTU-0161,68.4,89.5,79.1,66.6,70.9,77,0,45.5,Insuficiente
ESTU-0162,81.6,47.7,77.3,41.3,45.1,42.4,0,48.1,Insuficiente
ESTU-0163,81.7,60.1,61.1,58.1,72.9,59.6,0,62.3,Bueno
ESTU-0164,76.8,84.6,90.5,70.2,62.8,68.1,0,45.3,Insuficiente
ESTU-0165,54.5,49.6,68.3,43.4,76.4,48.9,0,36.8,Insuficiente
ESTU-0166,91.8,89.1,98.7,69.5,63.3,99.1,0,86.6,Optimo
ESTU-0167,66,89.9,78,95.6,54.4,52.5,0,46,Insuficiente
ESTU-0168,59.3,70.4,47.6,46.3,45.7,47.8,0,31,Insuficiente
ESTU-0169,52,40.4,80.6,85.9,58.9,52.2,0,39.4,Insuficiente
ESTU-0170,79.5,57.2,59.5,64.6,45.8,86.1,0,33.3,Insuficiente
ESTU-0171,83.9,77,81.2,79.3,50.6,65.5,0,68,Bueno
ESTU-0172,50.8,98.9,44.2,55.6,99.2,73.9,0,46.3,Insuficiente
ESTU-0173,75.6,77.9,50.5,49.6,66.6,41.3,0,37,Insuficiente
ESTU-0174,61.3,55.6,91.3,49.6,71.9,42.1,0,40.6,Insuficiente
ESTU-0175,82.3,78,53.6,44.2,92.4,66.7,0,68.6,Bueno
ESTU-0176,58.7,72.4,90.2,51.1,99.7,89,0,48.4,Insuficiente
ESTU-0177,84.5,86.8,56.8,79.9,75,93.1,0,82,Optimo
ESTU-0178,69.3,46.4,78.6,92.9,88.7,45.2,0,46.8,Insuficiente
ESTU-0179,96.8,85.7,81.6,88.8,59.6,72.3,11.9,77.4,Satisfactorio
ESTU-0180,56.9,72.5,70.8,81.1,58.3,94.8,0,41.6,Insuficiente
ESTU-0181,67.1,97.8,58.3,46.6,64.2,63.3,0,39.9,Insuficiente
ESTU-0182,55.7,60.5,52.8,57.4,80.4,89.8,0,38.8,Insuficiente
ESTU-0183,96.2,78,42,58.6,80.9,48,16.2,62.4,Bueno
ESTU-0184,93.9,95.9,58.2,55,58.9,96.1,0,78.1,Satisfactorio
ESTU-0185,62.9,46.2,79.2,70.9,48,85.1,0,35.8,Insuficiente
ESTU-0186,83,96.2,96.3,72.1,77.9,96.5,0,89.5,Optimo
ESTU-0187,90.9,81.3,92.3,61.4,47.7,80.6,0,73.1,Satisfactorio
ESTU-0188,77.8,44.1,86,61.2,74.7,61.8,0,40.4,Insuficiente
ESTU-0189,76.5,58.1,87.3,89.7,81.6,96.3,0,47.7,Insuficiente
ESTU-0190,62.1,82.5,79.9,87.4,82,56.5,0,49.7,Insuficiente
ESTU-0191,54.7,44,55.6,58.5,85.2,59.9,0,38.1,Insuficiente
ESTU-0192,94.9,74.9,94.4,94.8,92.4,82,0,86.5,Optimo
ESTU-0193,95,60.8,80.2,97.2,70,85.9,0,80.1,Satisfactorio
ESTU-0194,81.7,77.3,73.6,59.6,83.8,95.8,0,83.1,Optimo
ESTU-0195,67,42.7,46.7,61.3,77.2,52.3,0,35.5,Insuficiente
ESTU-0196,67.5,92.3,66.8,70.3,51.2,87.9,0,40.8,Insuficiente
ESTU-0197,86.3,98.4,67.6,96.5,41.5,84.3,0,77,Satisfactorio
ESTU-0198,94.9,98.1,91.9,92.6,57.1,43.8,0,66.6,Bueno
ESTU-0199,94.4,85,72.8,46.2,66.6,63.2,0,65.8,Bueno
ESTU-0200,89,47.8,62.8,63.6,77,57,0,61.4,Bueno
ESTU-0201,82.1,85.5,98.6,73.2,91,58.3,0,75.8,Satisfactorio
ESTU-0202,54.2,41.5,46.6,70.2,51.8,99,0,31.5,Insuficiente
ESTU-0203,58.1,41.3,65.4,51.6,47.5,78.6,0,30.6,Insuficiente
ESTU-0204,94.9,59.4,42.5,91.5,97.8,83.1,0,78.6,Satisfactorio
ESTU-0205,80.3,69.3,84.4,80.6,46.5,98.6,0,80,Satisfactorio
ESTU-0206,50.5,86.2,95.1,90.3,68.7,62.6,0,49.9,Insuficiente
ESTU-0207,55.1,81,56.8,91.5,75.1,88.1,0,45.6,Insuficiente
ESTU-0208,83.2,66.8,91.5,84.9,72.5,66.1,0,73.4,Satisfactorio
ESTU-0209,50.3,56.4,57.5,66.4,45.2,92.2,0,33.1,Insuficiente
ESTU-0210,58,99.8,94.6,76.6,43.4,50.8,0,44.8,Insuficiente
ESTU-0211,77.4,65.6,85.2,49.6,46.3,96.9,0,36,Insuficiente
ESTU-0212,84.6,67.1,88.3,80.4,75.1,53.1,0,67.7,Bueno
ESTU-0213,82.6,49.8,41.1,50.8,72.7,59.6,0,57.3,Regular
ESTU-0214,61.2,87.7,97.8,81.6,54,85.4,0,46.4,Insuficiente
ESTU-0215,85.6,81.6,83.6,53.8,78.3,63.6,0,70.3,Bueno
ESTU-0216,61.9,53.2,58.3,47.1,89.2,76.5,0,39,Insuficiente
ESTU-0217,66.3,44.9,89.8,49.9,42.5,66.7,0,33.1,Insuficiente
ESTU-0218,87.3,80.8,56.9,40.1,69.9,84.5,0,71.5,Satisfactorio
ESTU-0219,82.5,79.3,92.4,83.1,81.4,53.7,0,71.7,Satisfactorio
ESTU-0220,92.5,56.4,46.8,83.9,55.1,43.5,0,53.4,Regular
ESTU-0221,82.9,97.1,82.2,70.9,58.5,58,0,68.3,Bueno
ESTU-0222,78.4,49.1,72.4,49.7,76.8,68.5,0,38.2,Insuficiente
ESTU-0223,54.7,65.9,45.8,45,93.9,50.1,0,39.7,Insuficiente
ESTU-0224,68.4,96.6,54.5,41.1,88.6,61.3,0,43.3,Insuficiente
ESTU-0225,63.3,65.2,40.7,49.9,75,64,0,35.8,Insuficiente
ESTU-0226,62.2,78.3,68.1,93.5,83.8,43.4,0,48.7,Insuficiente
ESTU-0227,98.7,63.9,58.1,54.5,61.9,75,12.4,68.4,Bueno
ESTU-0228,69.7,56.5,75.9,61.3,78.5,93.1,0,41.5,Insuficiente
ESTU-0229,94.6,99,57.8,46.3,68,49.1,0,60.3,Regular
ESTU-0230,81.6,64.6,58,53.3,51.4,75.9,0,64.1,Bueno
ESTU-0231,89.7,93.6,84.6,71.2,82.1,79.9,0,81.6,Optimo
ESTU-0232,75.1,53.8,42.9,76.5,73.4,65.2,0,37.8,Insuficiente
ESTU-0233,78.8,52.8,94.2,54.7,61.5,82.1,0,39.2,Insuficiente
ESTU-0234,74.6,41.9,91.1,43.5,94.7,64.6,0,42.5,Insuficiente
ESTU-0235,59.8,79.1,80.1,63.5,41.3,70.3,0,37.9,Insuficiente
ESTU-0236,86.1,62.1,75.6,54.1,58.9,40.4,0,53.5,Regular
ESTU-0237,64,91.9,93.5,53.2,43.4,81.5,0,40.5,Insuficiente
ESTU-0238,51.2,68.4,51.1,97.6,86,79.7,0,46.1,Insuficiente
ESTU-0239,82.3,98.1,44.7,77,82.1,42.3,0,62.6,Bueno
ESTU-0240,58.9,51.1,54.4,73.4,59.9,62.1,0,35.8,Insuficiente
ESTU-0241,97,92.1,87.7,64.9,80.5,98.7,16.1,91.4,Excelente
ESTU-0242,97.7,86.6,42.1,65.7,63.8,65.2,12.8,67.3,Bueno
ESTU-0243,95.7,86.3,75,72.5,85.4,70.1,17.1,79.7,Satisfactorio
ESTU-0244,68.5,90.7,99.7,81.8,67.3,94.6,0,49.7,Insuficiente
ESTU-0245,50.8,85.7,91.3,82.1,64.7,83,0,47.5,Insuficiente
ESTU-0246,96.4,77.6,71.3,50.3,96.1,74.9,19.2,79.6,Satisfactorio
ESTU-0247,71.4,47.9,43.8,70,55.1,87.9,0,32.6,Insuficiente
ESTU-0248,98.3,42,89.9,64.7,47.2,91.9,9.4,74.3,Satisfactorio
ESTU-0249,98.2,95.3,75.9,92.2,75.1,67.4,15,80.1,Satisfactorio
ESTU-0250,92.7,77,46.9,77.9,98.2,68.5,0,73.9,Satisfactorio
ESTU-0251,64.7,87.8,45.6,72,62.7,63.2,0,39.9,Insuficiente
ESTU-0252,69.3,68.9,94.6,46.9,43.7,98,0,36.8,Insuficiente
ESTU-0253,92.6,47,80.2,76.3,60.4,81.8,0,71.9,Satisfactorio
ESTU-0254,65.8,47.5,89.8,47,70.4,45,0,38.6,Insuficiente
ESTU-0255,58.5,81.1,92.7,60.2,49.7,91.8,0,41.1,Insuficiente
ESTU-0256,77.8,65.8,74.3,48.6,79.5,68.8,0,41.1,Insuficiente
ESTU-0257,96.8,52,71,81.5,99.9,44.1,20,68.9,Bueno
ESTU-0258,84.8,69.5,65.8,52.4,67.1,73,0,67.6,Bueno
ESTU-0259,78.5,43.9,59,63.5,61.3,65,0,34.4,Insuficiente
ESTU-0260,54.9,74.9,66.1,93.7,64,92.7,0,44.1,Insuficiente
ESTU-0261,80.8,56.1,86.4,52.3,46.9,52.2,0,56.2,Regular
ESTU-0262,99.5,87.9,76.1,70.5,93,89.6,18.6,89.4,Optimo
ESTU-0263,57,58.6,93.6,65.2,64.9,73.5,0,42,Insuficiente
ESTU-0264,75.9,67.3,66.6,41.1,63.2,43.3,0,36,Insuficiente
ESTU-0265,93.9,40.7,76.4,87.6,79.6,98.3,0,82.5,Optimo
ESTU-0266,87,44.3,77.9,44.1,66.5,70.8,0,63.8,Bueno
ESTU-0267,84.9,63.5,75.5,68.5,78.9,57.5,0,66.4,Bueno
ESTU-0268,85.1,68.8,82.2,73.6,43.7,68.2,0,66,Bueno
ESTU-0269,68,76,54.2,77.7,88.8,91.5,0,45.5,Insuficiente
ESTU-0270,64.7,57.5,70.7,81.3,96.4,58.3,0,47.2,Insuficiente
ESTU-0271,90.5,81.7,46.3,55.2,78.9,51.6,0,60.8,Regular
ESTU-0272,90.5,91.6,63.1,40.6,97.3,47.7,0,64.6,Bueno
ESTU-0273,93.4,86.8,69.3,83.4,49.1,57.9,0,64.9,Bueno
ESTU-0274,95.7,42.4,79.1,72.1,68.6,86.8,13.7,77,Satisfactorio
ESTU-0275,75.6,68.8,97,90.2,76.1,68.3,0,49.3,Insuficiente
ESTU-0276,75.1,46.3,76,89.3,74.9,53.6,0,43.2,Insuficiente
ESTU-0277,89.9,54.5,84.6,90.6,64.1,50,0,63.4,Bueno
ESTU-0278,82.5,99.2,70.4,69.1,60.3,60,0,67.9,Bueno
ESTU-0279,85.1,48.5,78,60,47.6,96.4,0,72.9,Satisfactorio
ESTU-0280,89.8,69.9,44.3,87.5,63.5,60.6,0,63.8,Bueno
ESTU-0281,94.5,77.1,55.3,67.1,49.8,99.3,0,76.3,Satisfactorio
ESTU-0282,66.9,82.1,61.7,51,84.1,69.1,0,42.8,Insuficiente
ESTU-0283,68.8,73.6,68.3,91.3,52.5,50.7,0,41.6,Insuficiente
ESTU-0284,54.7,40.6,42.7,93,43.5,93.5,0,32.2,Insuficiente
ESTU-0285,78.9,59.6,48.4,68,73.1,67.6,0,38.1,Insuficiente
ESTU-0286,51.8,71.1,56.6,44.5,75.7,82.6,0,38.1,Insuficiente
ESTU-0287,73.3,45.3,98.3,63.3,92.3,99,0,46,Insuficiente
ESTU-0288,77.1,61,59.9,88.2,74.6,43,0,42.8,Insuficiente
ESTU-0289,64.3,42,68.9,94.1,60.7,45.8,0,39.5,Insuficiente
ESTU-0290,79.5,44.7,51.8,52.2,88.2,83.2,0,37.5,Insuficiente
ESTU-0291,51.5,63.8,76.6,44,72.4,56.9,0,39.1,Insuficiente
ESTU-0292,51.9,48,56.8,92.6,44.8,51.1,0,35.3,Insuficiente
ESTU-0293,91.1,74.1,52.4,63.4,74,42.4,0,57.1,Regular
ESTU-0294,68,81.4,71,72.5,94.5,41.3,0,48.9,Insuficiente
ESTU-0295,56.4,88,40.3,98.1,63.8,86.5,0,42.9,Insuficiente
ESTU-0296,76.1,52,40.5,44,57.8,48.1,0,29.8,Insuficiente
ESTU-0297,88.5,50,53.1,78.9,48.6,68.1,0,61.2,Bueno
ESTU-0298,60.8,46.3,42.2,44.4,49.1,76.4,0,27.5,Insuficiente
ESTU-0299,81.1,78.2,46.5,62.5,66,65.7,0,64.4,Bueno
ESTU-0300,54.3,82.4,60.3,88.2,75.7,41.6,0,45.9,Insuficiente
ESTU-0301,52.6,41.9,88.2,66,44.8,87,0,35.1,Insuficiente
ESTU-0302,76.6,96.2,74.3,99.8,96.4,40.6,0,55.3,Regular
ESTU-0303,77,43.1,70.8,73.5,85.3,85.7,0,42,Insuficiente
ESTU-0304,81.9,72.5,57.6,59.3,75.2,93.6,0,77.7,Satisfactorio
ESTU-0305,86.3,82.5,95.9,53.2,89.7,66,0,75.2,Satisfactorio
ESTU-0306,98.8,92.3,63.8,61,44.8,72.1,9,68.5,Bueno
ESTU-0307,75.8,82.8,45.2,62.4,68.6,68.6,0,39.1,Insuficiente
ESTU-0308,66.1,88.1,77,44.1,77.8,63.4,0,43.4,Insuficiente
ESTU-0309,89.8,60.4,46.8,62.2,89.7,93.2,0,77.8,Satisfactorio
ESTU-0310,63.5,88.9,60.7,67.9,87,93.6,0,46.4,Insuficiente
ESTU-0311,71.9,44.8,70.4,83.4,56.6,60.1,0,37.8,Insuficiente
ESTU-0312,53.9,93.7,92.5,79.4,96.5,76.9,0,54.7,Regular
ESTU-0313,51.3,72.9,69.6,82.5,47.5,95.6,0,39.5,Insuficiente
ESTU-0314,98.1,89,82.1,40.5,92.5,97.7,18.5,89.5,Optimo
ESTU-0315,91.8,67.1,99.6,53.1,98.3,70.5,0,77.2,Satisfactorio
ESTU-0316,84.8,78.6,47.9,79.7,50.6,67.2,0,64.5,Bueno
ESTU-0317,70.4,71.6,56.5,69,83.3,56.7,0,42.9,Insuficiente
ESTU-0318,58.7,83.9,63.7,40.3,42.4,97.5,0,33.5,Insuficiente
ESTU-0319,57.8,44.9,65.3,88.3,64.3,48.6,0,39.3,Insuficiente
ESTU-0320,62.5,43.6,64.7,86.4,71,74.8,0,40.2,Insuficiente
ESTU-0321,77.5,54.8,94.5,72.9,74.8,57,0,44.6,Insuficiente
ESTU-0322,85.7,49.6,82.8,44,96.2,56.7,0,65.4,Bueno
ESTU-0323,83,92.3,76.5,86,80.3,64.3,0,75.7,Satisfactorio
ESTU-0324,64,53.2,58.6,75,68.9,99.9,0,38.7,Insuficiente
ESTU-0325,97.7,98.6,89.4,86.9,88.6,43.3,17.7,75.2,Satisfactorio
ESTU-0326,86.9,60.2,97.3,85.1,97,74.7,0,81.6,Optimo
ESTU-0327,77.7,50.9,89.3,88.2,41.3,45,0,38.7,Insuficiente
ESTU-0328,80.6,87.4,40.1,71.1,99,49.3,0,66,Bueno
ESTU-0329,71,79.5,78.2,48.4,45.2,66.4,0,36.5,Insuficiente
ESTU-0330,62.4,69.9,43.1,80.3,88.9,70.6,0,43.5,Insuficiente
ESTU-0331,67.8,73.3,55.5,77.2,56.8,55.5,0,38.8,Insuficiente
ESTU-0332,87.9,83.2,43.6,84.5,47.9,59,0,61.3,Bueno
ESTU-0333,50.7,53.7,76.2,50.2,66.4,45.2,0,37.3,Insuficiente
ESTU-0334,55.8,99.8,81.2,51.7,78.6,58.2,0,46.7,Insuficiente
ESTU-0335,52.3,98.5,46.9,93.4,62.9,98,0,44.4,Insuficiente
ESTU-0336,52,79,63,85,43.3,96.7,0,38.9,Insuficiente
ESTU-0337,92.8,52,67.4,94.5,76,60.1,0,67.8,Bueno
ESTU-0338,85.2,80.8,62.1,85.5,94.1,74.3,0,79,Satisfactorio
ESTU-0339,73.7,44.3,47.3,75.8,63,94.6,0,34.9,Insuficiente
ESTU-0340,54.9,41.8,65.1,79.2,53,40.4,0,35.4,Insuficiente
ESTU-0341,74.6,55.5,85.1,93.3,66.6,88.6,0,44.5,Insuficiente
ESTU-0342,73.7,67.8,44.3,74.7,42.9,96.9,0,33.5,Insuficiente
ESTU-0343,58.7,92.1,44.8,77.9,89.2,45.5,0,46.5,Insuficiente
ESTU-0344,71.7,83.6,61.3,49.4,89.6,49.7,0,43.8,Insuficiente
ESTU-0345,69.9,84.6,96.5,68.4,75.3,97.6,0,48.3,Insuficiente
ESTU-0346,80.8,65.5,80.1,83,61.2,72.3,0,71.6,Satisfactorio
ESTU-0347,81.8,60.8,80.7,56.3,88,40.9,0,60.3,Regular
ESTU-0348,52.3,62.3,61.7,52.1,73.3,55.5,0,38.1,Insuficiente
ESTU-0349,68.7,99.3,75.6,58.8,89.6,67,0,49.1,Insuficiente
ESTU-0350,81.3,42.4,40.6,54.5,77.9,81.6,0,66.5,Bueno
ESTU-0351,75.2,92,78.2,52.9,87.1,84,0,47.2,Insuficiente
ESTU-0352,92.8,74.7,94.8,65.5,75.9,99.7,0,86.4,Optimo
ESTU-0353,82.9,66.3,76.8,94.5,64.8,57.3,0,67.6,Bueno
ESTU-0354,58.1,83.5,92.4,70.4,97.5,72.3,0,52.3,Regular
ESTU-0355,53.5,69.2,83.4,51.3,72.5,72,0,41.7,Insuficiente
ESTU-0356,82.1,92.4,47.2,44.6,76.3,64.3,0,65.5,Bueno
ESTU-0357,51.3,94,94.1,81.8,53.2,50.1,0,46.6,Insuficiente
ESTU-0358,79.3,65.3,44,63,77.5,98.6,0,38.5,Insuficiente
ESTU-0359,97,56.6,72,89.3,74.3,91.2,14.9,83.4,Optimo
ESTU-0360,78.8,75.5,48.5,79.6,51.1,69.9,0,37.4,Insuficiente
ESTU-0361,69.4,94.7,40.7,87.8,43.6,76.2,0,38.5,Insuficiente
ESTU-0362,82.2,52.6,65.3,56.3,76.3,53.6,0,59.9,Regular
ESTU-0363,72.9,77.4,57.7,81.5,85.8,72.6,0,46,Insuficiente
ESTU-0364,77.3,77.9,69.2,55.8,71.4,81.7,0,41.3,Insuficiente
ESTU-0365,97.1,84,74.6,96.3,53.6,70.9,10.7,75.2,Satisfactorio
ESTU-0366,69.3,47.9,42.6,78.2,80,99.4,0,38.5,Insuficiente
ESTU-0367,98.1,82.9,47.4,59.5,44.8,76.7,9,66.7,Bueno
ESTU-0368,95.3,94.5,73.5,56.2,66.5,62.3,13.3,70.8,Bueno
ESTU-0369,59.8,50.8,60.6,51.5,49.8,86.3,0,31.7,Insuficiente
ESTU-0370,53.5,54.3,83.8,81.7,51.1,50.2,0,39.5,Insuficiente
ESTU-0371,55,98.3,79.1,53.1,52.1,63.1,0,41.1,Insuficiente
ESTU-0372,50.9,50.9,90.7,75.7,63.2,60.8,0,41.6,Insuficiente
ESTU-0373,54.7,91.3,81.5,55.9,43.1,65.9,0,39.1,Insuficiente
ESTU-0374,84.2,69.5,65.8,79.7,63.9,86.9,0,76.2,Satisfactorio
ESTU-0375,53.6,54.8,80.4,88.9,70.7,69.1,0,44,Insuficiente
ESTU-0376,65.9,92.2,56.5,86.7,69,87.6,0,45.2,Insuficiente
ESTU-0377,92.2,66.7,58.4,85.7,63,74.6,0,70.5,Bueno
ESTU-0378,51.2,70.9,87.3,51.3,90.3,60.5,0,46,Insuficiente
ESTU-0379,90.7,61.6,66.8,45.3,48.7,88.6,0,68.3,Bueno
ESTU-0380,64.1,75.6,87.9,81.9,70.3,54.3,0,46.8,Insuficiente
ESTU-0381,55.9,49.8,89.3,62.1,43.7,53.5,0,35.6,Insuficiente
ESTU-0382,84.8,63.5,91.5,65.9,44.3,70.3,0,66.4,Bueno
ESTU-0383,81.4,98.2,95,41.9,74.4,55.7,0,68.5,Bueno
ESTU-0384,93.9,55.5,65.9,55.6,74,40.5,0,54.6,Regular
ESTU-0385,86.8,79.4,59.1,42,92.7,78.9,0,74.2,Satisfactorio
ESTU-0386,90.2,59.5,74.9,92.8,73.5,70.7,0,73.3,Satisfactorio
ESTU-0387,64.1,86.4,62.3,54.6,97.6,66.7,0,46.6,Insuficiente
ESTU-0388,58.9,47.9,76.1,73.4,42.9,98,0,34.9,Insuficiente
ESTU-0389,87.5,98.2,82.3,42.3,45.9,74.3,0,68.6,Bueno
ESTU-0390,90.3,67.2,81.3,80,42.6,91.8,0,75.7,Satisfactorio
ESTU-0391,99.5,54.2,62.5,59.4,51.1,48.4,10.2,55.1,Regular
ESTU-0392,70.6,44.4,50,93.9,72.5,74.2,0,39.6,Insuficiente
ESTU-0393,68.6,50.2,65.8,93.3,78.7,92.1,0,43.6,Insuficiente
ESTU-0394,88.8,71.2,48.6,59.5,42.7,75,0,62.4,Bueno
ESTU-0395,67,60.2,93.4,94.1,96.8,83.1,0,52.4,Regular
ESTU-0396,96.5,89.7,60.8,99.8,90.5,62.3,18.1,80,Satisfactorio
ESTU-0397,92.9,65.9,49.3,89.5,57.8,45.5,0,57,Regular
ESTU-0398,71.4,54.9,41.5,90.7,44.6,67.5,0,33.9,Insuficiente
ESTU-0399,87.5,77,78.7,54.9,50.2,63.7,0,63.6,Bueno
ESTU-0400,87.7,82.4,78.2,74.6,47.6,92,0,77.7,Satisfactorio
ESTU-0401,55.2,50,60.4,44,47.4,54.6,0,30.1,Insuficiente
ESTU-0402,95.1,50.1,44.3,45.7,71.1,98,14.2,74.9,Satisfactorio
ESTU-0403,75.3,42.2,64.6,99.9,54.8,97.5,0,38.5,Insuficiente
ESTU-0404,91.3,84.2,58.7,59.6,61.5,54.9,0,61.3,Bueno
ESTU-0405,66,79.8,80.6,84.9,99.4,60.9,0,52.6,Regular
ESTU-0406,94.8,68.5,76.3,88.4,81.1,93.7,0,84.8,Optimo
ESTU-0407,69.5,90.7,61.9,91.5,96.9,98,0,51.9,Regular
ESTU-0408,50.5,88.3,53.1,99.9,48.6,66.6,0,41.9,Insuficiente
ESTU-0409,95.3,75.1,99.3,54.5,62.9,59.3,12.6,69.3,Bueno
ESTU-0410,54.6,92.1,67.2,42.4,73.3,71.6,0,41.5,Insuficiente
ESTU-0411,66,52.4,81.3,64.7,44.6,81.3,0,35.4,Insuficiente
ESTU-0412,97.5,46.7,48.4,47.8,40.3,56.4,8.1,51.3,Regular
ESTU-0413,97.5,56.2,69.1,41.3,80.2,84.2,16,75.1,Satisfactorio
ESTU-0414,78.7,43.4,41.7,61.6,78.5,43.1,0,35.3,Insuficiente
ESTU-0415,81.6,71.9,70.3,87,64.6,43,0,60.7,Regular
ESTU-0416,72.4,96.2,97.8,74,69.4,63.2,0,49.6,Insuficiente
ESTU-0417,64.7,42.4,63.1,58.8,64.9,61.2,0,34.9,Insuficiente
ESTU-0418,66.4,47.3,42.3,79.3,41.4,58.9,0,30.8,Insuficiente
ESTU-0419,83.6,67.1,41.9,53.9,60.1,69.5,0,61.5,Bueno
ESTU-0420,87.6,96,63.3,40.9,50.6,59.2,0,60.5,Regular
ESTU-0421,89.6,59,49.6,85.9,45.9,51.5,0,55.7,Regular
ESTU-0422,89.5,70.4,41.4,77.4,97.4,58.6,0,68.1,Bueno
ESTU-0423,54.6,42.5,85.4,85.7,76,98.5,0,43.7,Insuficiente
ESTU-0424,74.7,48.9,67.5,42.3,83.7,64.7,0,37.9,Insuficiente
ESTU-0425,52.9,99.2,57.4,90.2,58.9,66.7,0,44.7,Insuficiente
ESTU-0426,77.5,97.9,94,77.2,63.6,74.6,0,48.6,Insuficiente
ESTU-0427,72.1,40.3,47,73.8,54.2,99,0,32.3,Insuficiente
ESTU-0428,94.4,97.1,97.4,77.5,45.8,54.5,0,67.2,Bueno
ESTU-0429,67.5,78.3,58.8,91.9,50.7,80.9,0,40.7,Insuficiente
ESTU-0430,55.9,92.1,93.3,75.2,87.9,83,0,52.3,Regular
ESTU-0431,57.1,67.3,76.2,74.9,80.7,76.4,0,45.3,Insuficiente
ESTU-0432,88.1,70.9,89.6,99.4,72.8,45.3,0,67.3,Bueno
ESTU-0433,80.9,69.3,99,85.4,68.5,80.6,0,79.8,Satisfactorio
ESTU-0434,55.1,80,57.3,66.5,95.3,43.8,0,46.2,Insuficiente
ESTU-0435,54.2,48.4,97.7,82.4,44.4,75.8,0,39.3,Insuficiente
ESTU-0436,85,41.8,63.4,63.4,56.8,84.4,0,67.6,Bueno
ESTU-0437,53.6,58.5,63.1,53.7,61,52.7,0,35.6,Insuficiente
ESTU-0438,91.1,82.3,60.4,75.8,86.9,90.5,0,82.7,Optimo
ESTU-0439,85.3,52.1,72.5,95.7,99.6,41.8,0,66,Bueno
ESTU-0440,54.1,80.4,49.2,95.7,54.4,90.6,0,40.9,Insuficiente
ESTU-0441,54.2,98.2,73.2,60.5,92.5,67.6,0,49.4,Insuficiente
ESTU-0442,99.3,45.6,72.5,71.7,89.8,53.1,18,68.1,Bueno
ESTU-0443,68.7,80.4,85.7,52.7,53.5,48,0,39.9,Insuficiente
ESTU-0444,68.5,66.6,90,99.7,64,97.2,0,47,Insuficiente
ESTU-0445,90.6,92.1,66.4,98.9,64.6,44.4,0,65,Bueno
ESTU-0446,97.4,50.6,58.1,79,98.7,51.9,19.7,69.5,Bueno
ESTU-0447,99.3,81.6,55.6,88.3,50.9,60.9,10.2,66.6,Bueno
ESTU-0448,87.7,90.3,51.7,82.9,87.9,77.2,0,78.4,Satisfactorio
ESTU-0449,68.8,96.7,43.5,75.6,60.1,72.7,0,40.8,Insuficiente
ESTU-0450,54.2,81,60.5,43.2,83.9,47.5,0,41.4,Insuficiente
ESTU-0451,88.9,69.8,56.2,67.3,65.2,57.4,0,61.8,Bueno
ESTU-0452,77.9,77.1,98,80.5,74.7,54.3,0,49,Insuficiente
ESTU-0453,71.2,92.1,73.5,80.7,90,52.8,0,50.8,Insuficiente
ESTU-0454,95.3,74.2,60.8,62.4,88.2,64.7,17.6,73.4,Satisfactorio
ESTU-0455,55.6,41.8,74.8,96.5,92,82.2,0,46.8,Insuficiente
ESTU-0456,74.6,95.9,48.4,50,43.6,53,0,34.6,Insuficiente
ESTU-0457,50.6,81.4,66.6,70,81.5,62,0,45.4,Insuficiente
ESTU-0458,73.4,80.6,77.6,81.5,48.4,63.5,0,41.6,Insuficiente
ESTU-0459,52.8,52.9,69.3,81.8,64.9,98.6,0,40.2,Insuficiente
ESTU-0460,55.9,79.5,64.1,78.9,72.9,97.3,0,44.2,Insuficiente
ESTU-0461,55.9,63.6,99.6,56.5,64.2,88,0,42.1,Insuficiente
ESTU-0462,82.5,79.1,92.8,49.4,71.2,54.5,0,65.5,Bueno
ESTU-0463,87.3,46.4,77.4,78.2,99.8,44.1,0,64.5,Bueno
ESTU-0464,79.2,79.5,74.2,76,48.1,59,0,40.2,Insuficiente
ESTU-0465,98.1,100,77.2,50.8,80.5,56,16.1,72.1,Satisfactorio
ESTU-0466,68.7,42.9,52.1,82.3,63.8,70.4,0,36.4,Insuficiente
ESTU-0467,64.3,98.6,63.7,67.3,48,86.7,0,40.2,Insuficiente
ESTU-0468,93.4,64.4,42.4,80.1,49.5,91.5,0,71.4,Satisfactorio
ESTU-0469,61.2,92.2,68.5,90.2,97,90.7,0,52.8,Regular
ESTU-0470,98.2,86.9,72.6,50.2,92.8,61.6,18.6,74.9,Satisfactorio
ESTU-0471,50.6,74,53.7,41.1,94.4,81.2,0,41.4,Insuficiente
ESTU-0472,98.5,84.3,97.8,86.7,99.5,58.8,19.9,83.2,Optimo
ESTU-0473,52.2,92.7,94.6,76.6,52.5,43.7,0,45.7,Insuficiente
ESTU-0474,94.6,64.2,83.3,82,61.3,82.1,0,75.7,Satisfactorio
ESTU-0475,76.4,59.6,72,90.3,80.2,40.6,0,45.6,Insuficiente
ESTU-0476,99.6,80.1,92.2,88.2,69,64.6,13.8,77.1,Satisfactorio
ESTU-0477,53.7,88.5,47.8,97.7,65.1,59.8,0,44.2,Insuficiente
ESTU-0478,77.7,85.7,87.4,72.2,61.5,81.6,0,45,Insuficiente
ESTU-0479,98.5,87.9,47.5,69.3,75.6,86,15.1,79.8,Satisfactorio
ESTU-0480,76.2,66.1,87.7,64.1,74.5,58.2,0,43.9,Insuficiente
ESTU-0481,81.5,89.1,56.5,49.2,49.7,88.7,0,71.4,Satisfactorio
ESTU-0482,84.8,47.2,92.6,74.4,68.3,57.6,0,65.3,Bueno
ESTU-0483,72.7,72.7,96.6,56.6,73.2,66.8,0,44.8,Insuficiente
ESTU-0484,81.4,40.3,48.9,95.3,74.2,83.6,0,72.9,Satisfactorio
ESTU-0485,79.2,59.5,67.8,75,52.6,81.6,0,37.5,Insuficiente
ESTU-0486,95.1,62,98.9,75.6,84.5,99.2,16.9,91.5,Excelente
ESTU-0487,52.3,63.8,69,61.3,41.5,53.5,0,34.2,Insuficiente
ESTU-0488,64,81.7,91.8,43.1,61.3,79.7,0,41.1,Insuficiente
ESTU-0489,97.5,63.3,75.3,41.9,86.8,76.6,17.4,75.5,Satisfactorio
ESTU-0490,94.5,66.9,62.5,65.4,73.8,94.9,0,78.7,Satisfactorio
ESTU-0491,72.8,54.3,57.1,45.1,55.7,49.4,0,32,Insuficiente
ESTU-0492,81,62.4,52.2,76.4,81.7,85.1,0,75.8,Satisfactorio
ESTU-0493,63.9,53.6,85.7,92.9,74,74.1,0,45.8,Insuficiente
ESTU-0494,59.4,44.4,63.2,93,87.8,56.5,0,44.3,Insuficiente
ESTU-0495,73.2,76.2,70.7,79.5,84.1,68.5,0,47,Insuficiente
ESTU-0496,67.7,80.1,69.5,52.7,76.6,60,0,42.3,Insuficiente
ESTU-0497,79.2,77.2,74.6,91.8,69.3,74.8,0,46.3,Insuficiente
ESTU-0498,53.9,67.8,91.9,93.2,48,93.3,0,43.3,Insuficiente
ESTU-0499,98.7,62.8,98.8,51.8,55.7,74.2,11.1,71.5,Satisfactorio
ESTU-0500,99.3,91.8,64.5,84.2,65.1,77.9,13,78.8,Satisfactorio
ESTU-0501,84.9,71.1,89.7,57.2,76,71.1,0,72.7,Satisfactorio
ESTU-0502,76.8,68.8,85.9,88.2,70.8,43.1,0,46.5,Insuficiente
ESTU-0503,65.5,41.5,74.4,99.8,57.3,54,0,40.2,Insuficiente
ESTU-0504,90.7,60.5,97.4,41.8,40.4,69.5,0,62.5,Bueno
ESTU-0505,84.2,62.8,52,93.8,69.8,58.6,0,65.2,Bueno
ESTU-0506,58.1,63.9,46.6,77.4,57.1,50.9,0,36.5,Insuficiente
ESTU-0507,95.5,74.8,91.2,98.4,84.1,70.2,16.8,83.5,Optimo
ESTU-0508,91.1,72,66.3,67.9,41.4,59.4,0,59.5,Regular
ESTU-0509,97.5,76.5,90.8,90.8,75.1,55.5,15,74.6,Satisfactorio
ESTU-0510,86.3,85.9,93.6,43.7,96.5,67.8,0,76.2,Satisfactorio
ESTU-0511,80.7,88.8,43.7,60.1,50.5,48,0,55,Regular
ESTU-0512,70.9,83.1,93,44,68.3,95.7,0,43,Insuficiente
ESTU-0513,96.6,97.3,66.9,98.5,45.5,92.1,9.1,82.8,Optimo
ESTU-0514,93.3,41.1,70.6,89,77.5,82.5,0,75.3,Satisfactorio
ESTU-0515,52.3,51.7,77.6,91.2,73,46.4,0,44,Insuficiente
ESTU-0516,51.3,40.5,95.6,96.3,64.4,86.6,0,43.9,Insuficiente
ESTU-0517,68.8,78.8,41.1,45.1,71.3,88.5,0,36.3,Insuficiente
ESTU-0518,90.5,93.9,68.6,63.1,93.8,86.1,0,83.3,Optimo
ESTU-0519,99.4,54.6,81.3,44.3,51.8,46.8,10.4,55.2,Regular
ESTU-0520,57.5,95.6,83.4,52.6,41.4,78.6,0,39.2,Insuficiente
ESTU-0521,79.7,43.6,81.6,53.8,91.7,90.1,0,42.2,Insuficiente
ESTU-0522,69,96.1,48.1,68.1,74.6,74.6,0,43.2,Insuficiente
ESTU-0523,98.5,61.1,58,56.1,93.4,78.8,18.7,77.3,Satisfactorio
ESTU-0524,92.1,46.1,61.5,46.1,75.8,67.5,0,62.6,Bueno
ESTU-0525,91.9,69.2,88.3,50,88.6,71.7,0,74.1,Satisfactorio
ESTU-0526,73.4,55.4,56.7,48.8,65.8,42.1,0,34.6,Insuficiente
ESTU-0527,70.7,57.1,52.6,98.4,85,78.3,0,44.7,Insuficiente
ESTU-0528,63.7,58.4,97.4,85.6,94.8,44.9,0,51.1,Regular
ESTU-0529,52.8,88.2,40.5,98.1,74.3,66.1,0,45.1,Insuficiente
ESTU-0530,93.2,72.3,99.9,66.4,50.8,57.6,0,65,Bueno
ESTU-0531,90.6,58.7,80.6,56.7,56.1,72.7,0,66.4,Bueno
ESTU-0532,100,76.6,89.7,87.9,51.9,48,10.4,65.5,Bueno
ESTU-0533,99.8,83,57.7,59.6,54.8,81.5,11,72.5,Satisfactorio
ESTU-0534,77.8,56.4,40.9,58,58.4,87.7,0,32.4,Insuficiente
ESTU-0535,88.4,64.8,84.3,54,73.3,49.8,0,61.7,Bueno
ESTU-0536,97.2,47.3,90,47.8,75.3,46.3,15.1,61.3,Bueno
ESTU-0537,92.5,50.9,84.4,55.4,65.6,48.7,0,58,Regular
ESTU-0538,62.4,80.9,48.6,61.3,76.9,92.6,0,40.8,Insuficiente
ESTU-0539,72.5,50.9,85.2,80.4,44.9,71.7,0,37.8,Insuficiente
ESTU-0540,56.5,71.5,86.1,43.8,45.3,68,0,35.9,Insuficiente
ESTU-0541,97.7,82.5,79.5,52.6,50.3,46.4,10.1,59.2,Regular
ESTU-0542,80.3,46.4,86,88.5,71.1,79,0,75.3,Satisfactorio
ESTU-0543,61.4,74,90.8,48.8,52.8,92.1,0,39,Insuficiente
ESTU-0544,83.6,55.4,76.8,60.6,57,89.7,0,73,Satisfactorio
ESTU-0545,80.9,97.8,45.3,91.9,64,77.6,0,75.2,Satisfactorio
ESTU-0546,67.9,69,69.3,49.3,88.7,44.5,0,42.7,Insuficiente
ESTU-0547,55.7,88.4,44.7,45,40.8,46.7,0,31.9,Insuficiente
ESTU-0548,83.6,73,64.5,69.1,79,43,0,60.5,Regular
ESTU-0549,76,42.6,64.4,58.1,80.1,55.4,0,38,Insuficiente
ESTU-0550,88.6,78,44,73.8,87.9,48.1,0,62.9,Bueno
ESTU-0551,76,97.1,60.9,88.2,96,55.6,0,52,Regular
ESTU-0552,92.6,76.1,46.7,48.2,41.2,63.1,0,56.3,Regular
ESTU-0553,77.6,89.2,88.5,74.8,49.2,96.6,0,43.5,Insuficiente
ESTU-0554,78,93.1,96.9,70.3,93.2,76.6,0,53.3,Regular
ESTU-0555,93.8,53.7,44.3,48.6,67.5,90.1,0,69.1,Bueno
ESTU-0556,70.2,52.7,97.3,77.4,73.9,82.6,0,45.1,Insuficiente
ESTU-0557,56.7,76.7,71.4,56.4,79.8,46.8,0,43.2,Insuficiente
ESTU-0558,51.4,64.7,58,69.3,80.7,84.2,0,41.7,Insuficiente
ESTU-0559,87.8,90.4,44.6,44.9,95.9,56.5,0,65.8,Bueno
ESTU-0560,81,94,70,67.6,99.8,78.3,0,82.2,Optimo
ESTU-0561,85.2,61.2,87.7,58.4,83.2,60.5,0,68.5,Bueno
ESTU-0562,60.6,54.2,82.4,89.3,57.2,99.9,0,41.6,Insuficiente
ESTU-0563,56.8,86.8,43,43.4,92.8,55.8,0,41.6,Insuficiente
ESTU-0564,50.7,56.5,44.4,65.1,43,56.7,0,30.7,Insuficiente
ESTU-0565,67.5,89.4,64.2,67.5,53.9,95.8,0,40.3,Insuficiente
ESTU-0566,79.5,65.4,57.7,83.5,93.8,41.5,0,46.3,Insuficiente
ESTU-0567,69.6,80.1,53.9,74.5,55.4,81.8,0,38.9,Insuficiente
ESTU-0568,71.9,45.7,56.9,80,53.2,83.5,0,35,Insuficiente
ESTU-0569,95.2,77.4,88.2,86.6,48.3,90.2,9.7,81.3,Optimo
ESTU-0570,67.4,67.1,95.8,91.7,91.5,98.5,0,52.2,Regular
ESTU-0571,75.7,75.2,64.3,58.8,70,98.5,0,40.4,Insuficiente
ESTU-0572,89.2,50.1,94.4,72.3,80.5,43.9,0,62.6,Bueno
ESTU-0573,69.8,84.2,59.3,90.4,54.3,89.3,0,42,Insuficiente
ESTU-0574,81.1,91.8,68.6,99.4,85.5,78.8,0,83.3,Optimo
ESTU-0575,93.1,53,53.6,93.4,85.6,78.8,0,75.3,Satisfactorio
ESTU-0576,97.5,45.7,78.4,62.3,58.8,47.7,11.8,58,Regular
ESTU-0577,57.4,41.4,98.7,51.7,64.6,79,0,38.5,Insuficiente
ESTU-0578,96.3,78.5,76.2,69.4,52.6,98.9,10.5,82.1,Optimo
ESTU-0579,74.6,76.4,61.5,84.5,98.6,94.7,0,49.4,Insuficiente
ESTU-0580,62.9,72.8,78.9,69.6,78.7,66.3,0,45.2,Insuficiente
ESTU-0581,73,53.9,47.4,69,96.1,42.4,0,41.9,Insuficiente
ESTU-0582,99,63.5,93.3,90.3,58.2,61.7,11.6,71.6,Satisfactorio
ESTU-0583,74.6,75.7,70.2,61.7,86.9,89.6,0,45.1,Insuficiente
ESTU-0584,66.4,69.8,67,91.6,86,82.1,0,47.6,Insuficiente
ESTU-0585,81.7,99.3,75.2,64.4,81.5,67.6,0,75.2,Satisfactorio
ESTU-0586,62,48.2,77.5,59.7,97.9,43.3,0,44.3,Insuficiente
ESTU-0587,53.8,81.7,44.3,67.2,63.6,65.6,0,38.5,Insuficiente
ESTU-0588,56.4,64.3,81,85.7,47.8,68.1,0,40.4,Insuficiente
ESTU-0589,56.4,65.7,54.5,47.6,80.3,95.7,0,38.4,Insuficiente
ESTU-0590,57.6,83.1,82.8,51.8,83.8,78.5,0,45.8,Insuficiente
ESTU-0591,56.9,81.5,89.4,97.1,74.5,58.7,0,50.6,Insuficiente
ESTU-0592,82,99.5,88.2,50.5,52.4,71.5,0,70.8,Bueno
ESTU-0593,59.1,47.7,73.2,74.1,70.3,44,0,40.1,Insuficiente
ESTU-0594,67.3,46.2,71.2,74.8,58.7,98.4,0,37.4,Insuficiente
ESTU-0595,94.8,83.5,48.6,69.4,65.6,61.6,0,64.6,Bueno
ESTU-0596,73.7,74.7,86.5,78.7,78.7,68.7,0,47.7,Insuficiente
ESTU-0597,83.4,56.4,56.3,53.8,84.7,61.3,0,63.7,Bueno
ESTU-0598,58.6,44.8,69.8,73.2,53.9,81,0,35.8,Insuficiente
ESTU-0599,59.6,45.1,57.1,62.3,64.3,79.7,0,34.8,Insuficiente
ESTU-0600,52,93.7,48,79.7,56.1,82.9,0,40.7,Insuficiente
ESTU-0601,58.4,51.5,77.8,48.5,51.9,56.1,0,34.1,Insuficiente
ESTU-0602,63.9,59.4,43.3,74.3,87,58.9,0,41,Insuficiente
ESTU-0603,58.9,53.6,84.9,51.1,94.6,47.5,0,44.2,Insuficiente
ESTU-0604,54.4,61.3,59.1,56.7,62.2,79.3,0,36,Insuficiente
ESTU-0605,56,44.2,40,53.1,85.1,42.4,0,35.3,Insuficiente
ESTU-0606,73,71.1,70.7,51,93.8,75.9,0,44.5,Insuficiente
ESTU-0607,60.3,44.1,42.8,89.5,90.8,92.2,0,41.7,Insuficiente
ESTU-0608,68.2,88,56.6,57.1,51,93.4,0,37.1,Insuficiente
ESTU-0609,75.2,54,82.4,95.6,97.4,66.9,0,50.4,Insuficiente
ESTU-0610,84.5,72.4,43.8,98.2,62.6,67.6,0,68.1,Bueno
ESTU-0611,52,92.8,90.4,74.3,60.4,44.6,0,46.4,Insuficiente
ESTU-0612,90,79.1,40.2,48.6,43.7,80.2,0,63.2,Bueno
ESTU-0613,81.4,72,54.8,62.5,69.2,89.3,0,74.8,Satisfactorio
ESTU-0614,54.1,59.5,84.5,87.9,46.5,54.7,0,40.2,Insuficiente
ESTU-0615,93.7,60,59,62,54.9,65.3,0,61.2,Bueno
ESTU-0616,96,80.2,46.1,45.2,59,90.3,11.8,73.1,Satisfactorio
ESTU-0617,53.1,99.6,61.6,73.4,88.5,92.6,0,49,Insuficiente
ESTU-0618,63.8,79.7,56.2,90.7,92.5,54.6,0,48.7,Insuficiente
ESTU-0619,90.3,73.5,90.6,87.8,58.1,73,0,74.4,Satisfactorio
ESTU-0620,87.4,83.8,58.8,50.5,91.5,51.5,0,64.6,Bueno
ESTU-0621,59.2,67.9,87.3,80.4,91.4,46.1,0,49.7,Insuficiente
ESTU-0622,60.5,43.6,93.5,53.2,85.9,94.7,0,42.5,Insuficiente
ESTU-0623,68.5,73.7,66,53.1,48.8,89.2,0,35.5,Insuficiente
ESTU-0624,74.2,97.5,94.6,92.4,81.4,85.6,0,54.2,Regular
ESTU-0625,80.9,50.5,62.6,55,96.7,42.9,0,58.9,Regular
ESTU-0626,68.4,81.4,97.8,55.8,81,90.6,0,47.5,Insuficiente
ESTU-0627,73.1,52.1,45.4,40,59.9,66.3,0,30.3,Insuficiente
ESTU-0628,87.4,72.1,81.2,92.2,70,60.5,0,70.9,Bueno
ESTU-0629,51.8,45.8,69.6,87.6,78.7,72.8,0,42.8,Insuficiente
ESTU-0630,62.6,67,63.3,77.6,70.6,45.5,0,41.8,Insuficiente
ESTU-0631,85.7,85.4,78,85,47.2,85.4,0,76.7,Satisfactorio
ESTU-0632,94.8,60.9,82.2,49.1,58.7,74.9,0,67.3,Bueno
ESTU-0633,75.6,79.9,40.3,67.5,88.1,51.2,0,42.6,Insuficiente
ESTU-0634,76.6,87.7,50,61.1,91.7,51.3,0,44.8,Insuficiente
ESTU-0635,55.4,95.6,82.8,45.6,48.2,51.1,0,39.5,Insuficiente
ESTU-0636,72.4,54.1,80,69.2,97.1,43.4,0,46.5,Insuficiente
ESTU-0637,76.6,64,98,95.2,59.7,75.3,0,46.2,Insuficiente
ESTU-0638,62.1,49.1,85.7,42.4,79.7,90.4,0,39.6,Insuficiente
ESTU-0639,63.5,99.5,97,57.5,85.1,41,0,50.9,Insuficiente
ESTU-0640,68.9,95.6,82.2,52.5,88.7,42.9,0,48.4,Insuficiente
ESTU-0641,51,72.4,57.9,54.3,96.7,74.4,0,43.9,Insuficiente
ESTU-0642,66.1,90.5,46.3,94.5,58.8,89.2,0,42.6,Insuficiente
ESTU-0643,60.6,71.3,86.9,68.1,91.5,59.6,0,48.5,Insuficiente
ESTU-0644,66.4,77.4,78.6,68,47.9,61,0,39.4,Insuficiente
ESTU-0645,56,45.3,42.9,85.6,82.3,75.8,0,39.6,Insuficiente
ESTU-0646,94.5,85.3,61.6,49.3,84.5,56.5,0,65.7,Bueno
ESTU-0647,79.7,47.7,97.4,69.2,80.7,41.6,0,44.7,Insuficiente
ESTU-0648,84,89.6,70,65.8,55.1,84.1,0,74.7,Satisfactorio
ESTU-0649,89.5,86.9,66,75.8,92.4,77.5,0,80,Satisfactorio
ESTU-0650,74.9,82.5,67.5,100,50.1,74.8,0,43.3,Insuficiente
ESTU-0651,54.3,42.2,52.5,86.2,43.2,84.5,0,32.8,Insuficiente
ESTU-0652,76.9,58.2,62.1,63.9,83,80.5,0,41.2,Insuficiente
ESTU-0653,79.3,55.8,62.2,89.7,68.5,52.4,0,41.4,Insuficiente
ESTU-0654,87.3,61.6,43.1,50.2,90.9,61.1,0,63.3,Bueno
ESTU-0655,71.6,45.3,86.1,41.8,63,47.6,0,35.7,Insuficiente
ESTU-0656,56.4,96.2,65,52.3,50.1,47.8,0,38.5,Insuficiente
ESTU-0657,64.2,73.2,89.3,60.4,90.2,80.6,0,47.8,Insuficiente
ESTU-0658,68.2,58.3,91,70.6,72.9,91.5,0,43.9,Insuficiente
ESTU-0659,82.3,63.8,52.7,76.9,51.4,97.8,0,75.2,Satisfactorio
ESTU-0660,78.5,66.8,79.4,94.6,83.2,77.7,0,48.7,Insuficiente
ESTU-0661,67.8,76,68.3,70.6,70.7,51,0,42.8,Insuficiente
ESTU-0662,99.3,70.9,92.8,70.1,76.3,46.3,15.3,68,Bueno
ESTU-0663,80.3,95.2,52.9,43,67.7,88.8,0,74.5,Satisfactorio
ESTU-0664,61.9,69.8,80.7,42.1,89.7,74.7,0,43.6,Insuficiente
ESTU-0665,55.1,99.5,76.5,73.1,89.8,77.1,0,51.2,Regular
ESTU-0666,57.6,91.1,57.7,66.3,82.6,86.9,0,45.2,Insuficiente
ESTU-0667,62.3,52.5,48.2,90.4,46.3,82.2,0,34.7,Insuficiente
ESTU-0668,58,95.8,79.1,49.6,90.3,90.1,0,48,Insuficiente
ESTU-0669,59.3,47,84.3,41.5,80.3,43.4,0,39.1,Insuficiente
ESTU-0670,64.3,89,58.9,66.9,81.8,84.9,0,45,Insuficiente
ESTU-0671,58.7,62.8,78.7,54.2,61.8,91.1,0,38.4,Insuficiente
ESTU-0672,94.8,92.7,63.7,43,92.8,57.2,0,68,Bueno
ESTU-0673,54,92.1,82.8,83.5,83.5,78.4,0,51.1,Regular
ESTU-0674,76.2,88.4,52,46.7,46.8,58.8,0,34.3,Insuficiente
ESTU-0675,70.5,87.4,93.4,76.5,64.5,97.5,0,47.2,Insuficiente
ESTU-0676,99.1,58.3,57.2,56.9,93.2,42,18.6,62.1,Bueno
ESTU-0677,55.6,44.9,62.1,50.4,42.8,74.8,0,29.5,Insuficiente
ESTU-0678,69.9,64.2,43.5,62.8,97.7,50,0,42.3,Insuficiente
ESTU-0679,98.5,50.4,46.7,88.1,80.7,82.7,16.1,77.1,Satisfactorio
ESTU-0680,93.3,81.7,71,63.5,77.9,50.6,0,64.6,Bueno
ESTU-0681,90.9,60.8,56.1,85,56.2,54.1,0,59.8,Regular
ESTU-0682,62.9,98.5,90.1,47.5,54.9,69.7,0,42.5,Insuficiente
ESTU-0683,58.5,78.5,40.9,86.4,96.5,94.9,0,46.7,Insuficiente
ESTU-0684,83.4,89.3,62.7,54.2,57.9,52.7,0,60.1,Regular
ESTU-0685,96.5,48,60.2,80.6,86.5,48.7,17.3,65.4,Bueno
ESTU-0686,77.8,91.7,41.2,73.9,63.6,85.5,0,40.3,Insuficiente
ESTU-0687,78.6,95.4,47.5,95.7,48.4,70,0,41.5,Insuficiente
ESTU-0688,64,69.2,64.8,63.2,40.6,94.7,0,34.4,Insuficiente
ESTU-0689,88.5,76.4,69.6,44,72.7,48.8,0,59.4,Regular
ESTU-0690,59.4,85.9,64.3,41.1,98.5,78.8,0,45.2,Insuficiente
ESTU-0691,66.2,50.5,71.9,89.6,62.1,54,0,40.7,Insuficiente
ESTU-0692,71.3,70.2,75.7,71.5,61.4,49.4,0,41.3,Insuficiente
ESTU-0693,75.4,63.9,40.6,86.5,60.6,81,0,37.6,Insuficiente
ESTU-0694,62.1,48.8,67.8,54.1,71.2,75.6,0,37,Insuficiente
ESTU-0695,55.7,62.1,97.8,60.7,66.4,85.3,0,42.7,Insuficiente
ESTU-0696,80.5,44.1,71.1,41.8,92.8,58.6,0,62.9,Bueno
ESTU-0697,64.4,41.5,80.7,97.7,70.3,66.9,0,43.4,Insuficiente
ESTU-0698,79.1,48.1,58.7,80.1,70.5,64.3,0,39,Insuficiente
ESTU-0699,57.7,97.8,86.4,96,48.3,99,0,47,Insuficiente
ESTU-0700,74.1,73,86.4,55.9,99,57.5,0,48.5,Insuficiente
ESTU-0701,76.6,97.9,71.3,76.7,55,57.7,0,43.8,Insuficiente
ESTU-0702,52.6,65.9,98.6,80.7,44.4,61.3,0,41.6,Insuficiente
ESTU-0703,66.8,58.7,47.5,59.1,79.8,73.9,0,38,Insuficiente
ESTU-0704,56.7,70.4,41,90.9,75.7,55.1,0,42.1,Insuficiente
ESTU-0705,53.2,66.4,86.2,96.8,64.9,94.9,0,46.2,Insuficiente
ESTU-0706,99.5,46.3,88.4,93.1,65.3,55.9,13.1,68.4,Bueno
ESTU-0707,66.1,78.4,47.2,84.3,87.1,93.7,0,45.4,Insuficiente
ESTU-0708,90.5,53,55.9,56.6,51.7,46.2,0,50.9,Insuficiente
ESTU-0709,62.7,77.2,41.1,56.9,89.2,79.4,0,41.2,Insuficiente
ESTU-0710,84.1,79,57.6,97.8,78.9,94.4,0,84.8,Optimo
ESTU-0711,88,49.1,86.4,40.6,65.1,50.1,0,56.5,Regular
ESTU-0712,79.8,43.7,71.1,83,67.5,98.1,0,39.9,Insuficiente
ESTU-0713,73.6,86.8,60.9,82.4,55.4,67.2,0,41.8,Insuficiente
ESTU-0714,70.6,67.6,62.3,77.4,85.1,96.7,0,44.7,Insuficiente
ESTU-0715,67.4,43.5,40.1,99.4,70.8,80.6,0,38.6,Insuficiente
ESTU-0716,96.5,99.7,58,58.7,59.3,58.1,11.9,66.3,Bueno
ESTU-0717,91.5,43.5,78.8,60.4,75.8,51.3,0,60,Regular
ESTU-0718,98.3,81.7,98.5,44.7,99.7,58.2,19.9,77.2,Satisfactorio
ESTU-0719,56.2,99,90.8,66.6,66.1,45.6,0,47.4,Insuficiente
ESTU-0720,86.5,54.4,41.4,55.7,95.2,48.6,0,58.7,Regular
ESTU-0721,96.9,48.5,93.9,60.6,60.7,46.3,12.1,60.1,Regular
ESTU-0722,59.1,47.3,87,90.1,43.3,65.4,0,38.6,Insuficiente
ESTU-0723,53.3,58.2,86.8,96.1,52.3,87.7,0,42.6,Insuficiente
ESTU-0724,87.1,46.1,67.5,51.1,65.1,48.5,0,54.4,Regular
ESTU-0725,78.7,81.5,63.9,62.4,53.2,47.8,0,38.3,Insuficiente
ESTU-0726,92.1,43.7,58.2,95.7,40,78.6,0,65.8,Bueno
ESTU-0727,57,70.6,43.9,43.7,94.9,51.8,0,40.1,Insuficiente
ESTU-0728,89.8,99.8,53.7,45.5,90.6,45.9,0,63,Bueno
ESTU-0729,60.1,88.8,54.8,49.8,84.5,50,0,42.7,Insuficiente
ESTU-0730,58.2,76.9,69,75.7,50.1,95.4,0,39.6,Insuficiente
ESTU-0731,58.2,58.4,84.8,49,47.2,89.3,0,35.1,Insuficiente
ESTU-0732,90.7,77.4,68.4,98.1,44.1,61.2,0,65.8,Bueno
ESTU-0733,83.3,71.6,43.5,66.8,83.4,79.3,0,72.6,Satisfactorio
ESTU-0734,76.2,65.6,97.5,70.1,95.7,72.2,0,50.2,Insuficiente
ESTU-0735,67.9,47.8,96.6,54.8,65.8,80.6,0,39.7,Insuficiente
ESTU-0736,93.9,93.2,87.1,68.3,47.1,81,0,75,Satisfactorio
ESTU-0737,69.6,67,99.5,79.7,70.7,77.7,0,47,Insuficiente
ESTU-0738,90.8,51.7,72.7,85.1,60.9,56,0,62.5,Bueno
ESTU-0739,72,62.1,97.8,85.2,62.5,42.3,0,45.2,Insuficiente
ESTU-0740,68.8,64.8,44.5,74.7,77.3,67.3,0,40,Insuficiente
ESTU-0741,73.1,89.7,61.9,94.3,83.1,93.5,0,49.4,Insuficiente
ESTU-0742,65.1,84,53.5,89,46.6,74.2,0,39.5,Insuficiente
ESTU-0743,87.4,86.2,51.7,85.4,42.1,89.9,0,74.1,Satisfactorio
ESTU-0744,75.1,40.7,48.4,43.3,99.7,99.5,0,37.6,Insuficiente
ESTU-0745,61.6,65,77.3,40.4,54,49.8,0,35.2,Insuficiente
ESTU-0746,95,68.9,86.9,52.7,43.2,81.5,0,69,Bueno
ESTU-0747,69.2,41.2,74.7,79.8,51.4,80.5,0,36.4,Insuficiente
ESTU-0748,77.2,55.6,48.8,64.7,42.3,98.8,0,31,Insuficiente
ESTU-0749,95.3,85.6,88.7,64.1,63.5,99.1,12.7,86.7,Optimo
ESTU-0750,81.2,48.2,78.2,93.1,88.1,81.2,0,79.4,Satisfactorio
ESTU-0751,55.8,72.1,63.3,93.7,60.5,54.6,0,42.6,Insuficiente
ESTU-0752,97,52.9,80.4,94.6,66.7,87.9,13.3,81.5,Optimo
ESTU-0753,81.4,40.7,55.6,58.8,80.5,46.4,0,55.3,Regular
ESTU-0754,66.7,54.5,60.7,81.5,70.5,86.8,0,40.3,Insuficiente
ESTU-0755,57,98.6,95,56.3,91.7,94.6,0,51.7,Regular
ESTU-0756,89.7,88.1,57.4,51.4,92,63,0,69.8,Bueno
ESTU-0757,81,97.6,68.2,51.1,40.6,77.8,0,68.2,Bueno
ESTU-0758,76.7,69.3,93.4,60.5,86.7,65.8,0,47.1,Insuficiente
ESTU-0759,94.7,46.6,82.5,65.8,67.6,66.3,0,66,Bueno
ESTU-0760,89.4,72.9,43.7,89.9,99.3,58.6,0,70.8,Bueno
ESTU-0761,57.6,67.3,48.8,47.2,69,85.7,0,35.6,Insuficiente
ESTU-0762,65.6,90.7,40.5,84.1,99.2,96.2,0,48.5,Insuficiente
ESTU-0763,62.4,45.9,77.9,71.9,85.3,96.4,0,43.1,Insuficiente
ESTU-0764,87.2,69.3,66.9,57.3,54.9,50.5,0,57,Regular
ESTU-0765,51.7,49,48.1,69.6,72.3,92.5,0,36.7,Insuficiente
ESTU-0766,78.5,59.5,97.5,58,99.5,84.2,0,48.6,Insuficiente
ESTU-0767,88.1,84.2,71.8,75.8,91.5,55.2,0,71.3,Satisfactorio
ESTU-0768,93.8,68.6,54.5,66,45.8,44,0,52,Regular
ESTU-0769,67.1,62.6,70,49.9,82.4,56.1,0,40.8,Insuficiente
ESTU-0770,91.1,63.7,80.8,47,60.7,94.7,0,75.5,Satisfactorio
ESTU-0771,55.5,67.6,44.6,72.8,40.4,78,0,32.7,Insuficiente
ESTU-0772,92.3,87.1,56.5,94.1,64.2,83.3,0,77.8,Satisfactorio
ESTU-0773,56.4,93.5,88.4,60.6,54.1,55.4,0,43.1,Insuficiente
ESTU-0774,69.9,97.3,67.6,84,89.1,83.2,0,51,Regular
ESTU-0775,89.9,87.2,72.8,79.5,60.2,41.7,0,60.6,Regular
ESTU-0776,57.5,58.9,66,95.9,89.7,62.5,0,47.4,Insuficiente
ESTU-0777,61.5,81.3,42.6,89.3,40,77.6,0,36.4,Insuficiente
ESTU-0778,86.1,66.3,49.9,74,58.5,48.8,0,56.6,Regular
ESTU-0779,86,55.3,66.7,79.4,54.5,89.4,0,73.5,Satisfactorio
ESTU-0780,82.1,90.5,52.6,93.9,54,54.1,0,64,Bueno
ESTU-0781,84.7,42.3,43,64,44.1,79.1,0,60.4,Regular
ESTU-0782,77.1,94.1,90.6,59.6,51.2,64.3,0,42.8,Insuficiente
ESTU-0783,62.6,67.7,98.9,40.6,73.3,75.8,0,42.3,Insuficiente
ESTU-0784,67.3,78.2,87.6,89.6,57.5,46.4,0,45.5,Insuficiente
ESTU-0785,59.1,79.6,91.2,88.1,65,41,0,47.5,Insuficiente
ESTU-0786,95.4,93.7,54.5,46.3,62.6,94.6,12.5,78.8,Satisfactorio
ESTU-0787,79.2,78.2,97.6,74.6,92.6,56.2,0,51.9,Regular
ESTU-0788,70,76.8,51.8,67.8,94.3,89.2,0,45,Insuficiente
ESTU-0789,73.1,44,97.1,47.1,69.6,100,0,39,Insuficiente
ESTU-0790,97.4,71.1,99.7,98.8,59.8,52.7,12,71.4,Satisfactorio
ESTU-0791,57.7,49,82.7,52.9,46.4,55.9,0,33.9,Insuficiente
ESTU-0792,79.3,84.2,98.9,44,97.2,79.8,0,49.7,Insuficiente
ESTU-0793,75.3,70.7,74.2,75.7,43.6,97.9,0,38.1,Insuficiente
ESTU-0794,80.6,80.8,55.6,84.3,57.9,94.9,0,79,Satisfactorio
ESTU-0795,50.9,42.5,66.2,41.9,57.9,70.2,0,31.7,Insuficiente
ESTU-0796,93.6,45.1,75.6,79.5,59.2,87.7,0,73.6,Satisfactorio
ESTU-0797,96.6,83,44.4,71.9,49.9,48.1,10,57.8,Regular
ESTU-0798,78.3,44.3,77.3,46.2,87,98.6,0,39.8,Insuficiente
ESTU-0799,84.8,44.3,98.9,50.4,47.3,97.9,0,74.4,Satisfactorio
ESTU-0800,96.1,40.7,51.4,74.1,78.1,49.8,15.6,60.8,Regular
ESTU-0801,85.4,97.4,87.6,57.8,47.4,58,0,65,Bueno
ESTU-0802,57.6,84.3,94.5,96.3,44.2,46,0,45.5,Insuficiente
ESTU-0803,78.8,61.2,96.6,89.1,94.6,56.3,0,51.8,Regular
ESTU-0804,80.3,57.8,97.6,99,51.4,89,0,79.8,Satisfactorio
ESTU-0805,71.2,61,71.3,55.6,89.3,62.7,0,42.9,Insuficiente
ESTU-0806,86.8,86.5,98.6,98.2,72.7,45.3,0,70.4,Bueno
ESTU-0807,96.7,79.7,85.4,65.9,44.7,60.5,8.9,65.7,Bueno
ESTU-0808,96.3,51.1,49.7,60.9,97.3,98.9,19.5,84.5,Optimo
ESTU-0809,72.5,50.4,68.6,43,54.8,77.8,0,32.6,Insuficiente
ESTU-0810,55.7,45.9,83.1,43.2,91.6,65,0,41.3,Insuficiente
ESTU-0811,99.2,79.6,54.8,81.5,50.1,50,10,60.8,Regular
ESTU-0812,91.9,85.9,78.4,67.5,91.2,99.2,0,88.8,Optimo
ESTU-0813,56.2,55.9,80,53.6,40.8,89.3,0,33.4,Insuficiente
ESTU-0814,96,41.3,49.8,76.8,70.7,56.9,14.1,62.1,Bueno
ESTU-0815,93.5,44.9,73.9,55.2,86.2,44.2,0,58.1,Regular
ESTU-0816,75.9,98.1,86.3,74.7,96.1,43.4,0,53.8,Regular
ESTU-0817,79.6,57.7,69.9,61.6,94.6,47.2,0,44.1,Insuficiente
ESTU-0818,70,86.2,40.7,89.4,89.2,74.8,0,46.7,Insuficiente
ESTU-0819,52.7,77.5,40.5,89.2,93.3,95.7,0,46.3,Insuficiente
ESTU-0820,66.8,62.9,61.4,68.6,52,69.8,0,36.1,Insuficiente
ESTU-0821,90.1,52.3,95.6,61,57.1,90.6,0,75.5,Satisfactorio
ESTU-0822,50.2,47.3,53.7,61.8,57.3,66.8,0,33.2,Insuficiente
ESTU-0823,66.7,76.9,78.1,88.3,62.6,82.5,0,45,Insuficiente
ESTU-0824,69.9,86.5,53.3,59.7,63.6,83.9,0,39.3,Insuficiente
ESTU-0825,76.9,78.6,59.3,52.5,72.7,50.4,0,39.9,Insuficiente
ESTU-0826,96,71.8,90.9,45.1,49.6,61.7,9.9,64.3,Bueno
ESTU-0827,67.3,42.5,83.7,68,81.5,78.2,0,42.2,Insuficiente
ESTU-0828,67.3,98.1,45.7,68.9,50.1,44.2,0,38.4,Insuficiente
ESTU-0829,86.9,87.9,65.7,90.5,58.6,61.7,0,68.9,Bueno
ESTU-0830,72.6,57.6,41.8,53.3,70.2,72.1,0,34.4,Insuficiente
ESTU-0831,61.2,98.8,68.9,62.9,87.8,99.8,0,48.3,Insuficiente
ESTU-0832,72.6,76.1,79.7,88.5,84.4,68.5,0,49.4,Insuficiente
ESTU-0833,57,74.9,47.1,89.4,78.7,89,0,43.9,Insuficiente
ESTU-0834,58.8,84.9,57.3,63.1,49.3,65.9,0,37.2,Insuficiente
ESTU-0835,74.9,88.7,63.9,67.5,72.8,87.8,0,43.9,Insuficiente
ESTU-0836,70.9,79.4,95.2,58.2,45.2,75.7,0,40.1,Insuficiente
ESTU-0837,95.7,47.7,99.6,96,62.6,93.2,12.5,84.7,Optimo
ESTU-0838,68.1,60.3,42.7,47.1,64.8,64.7,0,33,Insuficiente
ESTU-0839,79,95.7,85.7,96,42.4,76.3,0,45.5,Insuficiente
ESTU-0840,81.6,53.5,62.3,81,56.4,77.8,0,68.6,Bueno
ESTU-0841,50.7,62.3,63.5,71.9,97.3,65,0,45.8,Insuficiente
ESTU-0842,83.2,65.9,85.3,42,97.2,48.7,0,64.7,Bueno
ESTU-0843,58.9,66.4,95.1,68.5,61.1,45.6,0,42.9,Insuficiente
ESTU-0844,98.1,76.8,97.1,64.5,42.6,41,8.5,58.4,Regular
ESTU-0845,57.4,96.6,74.6,49.7,50.7,92.4,0,39.6,Insuficiente
ESTU-0846,70.7,54.4,61.4,79.4,63.5,54.2,0,38.7,Insuficiente
ESTU-0847,54.3,47.3,87.3,98.3,96.9,52.7,0,50.4,Insuficiente
ESTU-0848,99.8,51.8,55.1,73.7,48.5,84.2,9.7,69.4,Bueno
ESTU-0849,75.1,93.2,73.8,82.9,85.8,59.2,0,50.5,Insuficiente
ESTU-0850,79.8,78.7,61.5,44.1,46.5,70.4,0,33.9,Insuficiente
ESTU-0851,53.4,57.2,79.4,65.1,98.9,49.8,0,46.7,Insuficiente
ESTU-0852,87.5,89,54.4,47,62.9,97.6,0,77,Satisfactorio
ESTU-0853,60.5,91.7,51.5,76.8,86.5,91.1,0,46.6,Insuficiente
ESTU-0854,94.9,90.8,95.1,96.3,60.6,91.8,0,86.5,Optimo
ESTU-0855,60.3,95.1,46.1,79.7,77.7,64.4,0,45,Insuficiente
ESTU-0856,59.5,55.1,70.4,44.6,51.5,85.7,0,33,Insuficiente
ESTU-0857,51.8,85.3,53.3,61.3,48.8,48.6,0,36.4,Insuficiente
ESTU-0858,73.6,67.6,42.3,73,96.3,40.5,0,43.6,Insuficiente
ESTU-0859,78.2,90.5,42.2,64.2,95.1,41.2,0,45.3,Insuficiente
ESTU-0860,53.3,83.7,50.5,90,93.2,75.2,0,48.5,Insuficiente
ESTU-0861,88.8,86.6,92,88.9,77.5,67.3,0,78.1,Satisfactorio
ESTU-0862,72.7,79.4,56.9,76.7,88.5,71.1,0,46.1,Insuficiente
ESTU-0863,76.2,50.6,97,62.4,44.1,40.4,0,36.8,Insuficiente
ESTU-0864,72,72.7,74.9,55.3,60.1,65.4,0,39.1,Insuficiente
ESTU-0865,70,99.1,66.2,46.4,58.8,83.1,0,40,Insuficiente
ESTU-0866,78,96.2,74.8,61.3,78.1,66.6,0,46.6,Insuficiente
ESTU-0867,57.8,42.6,71,64.8,61.4,83.9,0,36.1,Insuficiente
ESTU-0868,59.1,49.9,85.5,80.5,48.9,54,0,38.6,Insuficiente
ESTU-0869,93.1,47.9,56.9,79.5,75.8,88.8,0,75.2,Satisfactorio
ESTU-0870,97.3,83.6,61.2,44.2,88.9,75.3,17.8,76.7,Satisfactorio
ESTU-0871,68.7,89.1,93.6,63.7,62.9,52.6,0,45.4,Insuficiente
ESTU-0872,63.5,52.8,96.8,50.9,47.9,54.2,0,36.3,Insuficiente
ESTU-0873,82.2,70.4,93.6,49.4,51.8,77.7,0,69.9,Bueno
ESTU-0874,70.4,90.4,65.2,89.6,54.2,89.8,0,43.5,Insuficiente
ESTU-0875,51.3,84,86.8,42.5,58,64.9,0,40,Insuficiente
ESTU-0876,57.8,72.5,68.6,65.2,78.6,55.5,0,43.2,Insuficiente
ESTU-0877,85.8,75.4,69.9,50.1,76.1,92,0,78.1,Satisfactorio
ESTU-0878,82.9,70.5,52.3,92.8,81.8,80.2,0,77.2,Satisfactorio
ESTU-0879,51.4,57.9,75.5,73.4,61.8,66.9,0,39.9,Insuficiente
ESTU-0880,61.1,73.9,51.2,53.9,89.4,69.3,0,41.7,Insuficiente
ESTU-0881,61.6,81.3,59.9,70.1,52.2,52.3,0,38.6,Insuficiente
ESTU-0882,83.6,92.4,91.3,83.9,68.1,77.6,0,80.3,Satisfactorio
ESTU-0883,51,78.2,52.4,97.5,88.1,61.5,0,48,Insuficiente
ESTU-0884,55.2,85.7,44.3,53.2,50.8,99.7,0,34.6,Insuficiente
ESTU-0885,90,49.6,44.1,93.2,46.6,68.8,0,61.8,Bueno
ESTU-0886,58.9,67.7,96.4,96.1,93,69.2,0,53.3,Regular
ESTU-0887,82.6,40.6,70.4,95,60.6,74,0,69.2,Bueno
ESTU-0888,61.9,54.8,64.6,78.1,81,95,0,42.5,Insuficiente
ESTU-0889,55,83.6,88.7,77.8,41.5,88,0,41.6,Insuficiente
ESTU-0890,62.2,99.5,90.1,64.2,81.4,67.1,0,50.1,Insuficiente
ESTU-0891,86.1,46,59.9,85.1,59,83.1,0,70.5,Bueno
ESTU-0892,92.8,64.1,81.6,71.9,43.3,75.2,0,67.7,Bueno
ESTU-0893,91.5,88,86.3,80.6,76.6,69.5,0,77.1,Satisfactorio
ESTU-0894,69.9,52.2,79.3,65.7,54.4,51.5,0,37.2,Insuficiente
ESTU-0895,83.4,73.3,49.1,83.9,63.2,67.8,0,67.3,Bueno
ESTU-0896,60.2,84,92.6,89.5,44.8,54.7,0,44.4,Insuficiente
ESTU-0897,64.7,77,72.3,48.8,48.8,94.9,0,36.2,Insuficiente
ESTU-0898,94.8,51.3,56.9,90,57.9,60.1,0,62,Bueno
ESTU-0899,50.7,61.3,65.5,72.4,45.4,97.1,0,35.6,Insuficiente
ESTU-0900,54.3,87,42.3,90.7,94.6,72,0,48.2,Insuficiente
ESTU-0901,60.4,73.3,47.7,65.9,40.4,77.9,0,33,Insuficiente
ESTU-0902,51.3,40.3,85.9,62.7,69,72.6,0,39,Insuficiente
ESTU-0903,59.1,85.7,40,94.9,47.4,47.8,0,38.9,Insuficiente
ESTU-0904,79.2,42.1,65,55.1,58.5,62.5,0,33.3,Insuficiente
ESTU-0905,71.1,84.7,71.4,90.7,95.6,45.9,0,52,Regular
ESTU-0906,94.6,52.1,43.3,69,49.7,77.4,0,62.8,Bueno
ESTU-0907,90.9,97.5,98.4,70.8,97.9,66.8,0,81.9,Optimo
ESTU-0908,67.1,62.1,53.6,58.5,52.3,86.7,0,33.7,Insuficiente
ESTU-0909,63,59.6,58.3,74.4,84.5,53.2,0,42.5,Insuficiente
ESTU-0910,69,48.9,58.2,59.5,72.8,49.9,0,36.8,Insuficiente
ESTU-0911,79.5,58.3,53.8,42.4,93.1,64.4,0,39.2,Insuficiente
ESTU-0912,63.4,92.6,40.1,56.3,73.2,95.6,0,39.8,Insuficiente
ESTU-0913,81.2,99.8,83.8,40.4,72.1,82.6,0,77.3,Satisfactorio
ESTU-0914,70.5,62.1,98,98.7,51.7,65.1,0,44.8,Insuficiente
ESTU-0915,77.6,66.9,53.5,97.9,50,71,0,39.1,Insuficiente
ESTU-0916,71.8,83.3,79.8,63.7,95,45.1,0,49.2,Insuficiente
ESTU-0917,64.7,93.2,84.5,83.7,59.7,99.1,0,46.8,Insuficiente
ESTU-0918,97.4,75.6,90.9,60.7,62.3,80,12.5,77.2,Satisfactorio
ESTU-0919,88.2,63.5,65.4,80.3,85.6,57.1,0,67.8,Bueno
ESTU-0920,57,64.8,58.2,88.3,60.3,75.1,0,40.2,Insuficiente
ESTU-0921,93.4,81.7,59.5,96.8,97.1,46.6,0,69.8,Bueno
ESTU-0922,74.4,40.2,82.8,64,84.3,98,0,41.8,Insuficiente
ESTU-0923,94.7,77.2,89,87,75.8,50.5,0,69.1,Bueno
ESTU-0924,90,61.3,50.9,56,92.9,78.9,0,72.6,Satisfactorio
ESTU-0925,71.3,87.7,62.3,99.4,43,54.7,0,41.8,Insuficiente
ESTU-0926,51.1,45.6,94.1,41.5,55.4,83.1,0,35.2,Insuficiente
ESTU-0927,63.4,75.3,88.4,76.2,67.9,86.6,0,45.6,Insuficiente
ESTU-0928,77.1,68.9,99.1,79.6,53.6,80.4,0,43.7,Insuficiente
ESTU-0929,81.7,78.5,85.3,81.3,84.6,76.9,0,80.4,Satisfactorio
ESTU-0930,62.9,43.9,63.6,47.2,95.2,93.5,0,39.7,Insuficiente
ESTU-0931,57,74.8,75.4,96.3,65.4,44.7,0,45.9,Insuficiente
ESTU-0932,91.7,73.7,79.7,50.9,60.5,59.9,0,63.3,Bueno
ESTU-0933,99.2,73.6,44.7,77.4,97.7,54.9,19.5,71.5,Satisfactorio
ESTU-0934,76.3,76.2,72.7,53.4,66.7,99.3,0,40.3,Insuficiente
ESTU-0935,58.6,80.6,82.6,58.4,69.3,63.4,0,43.4,Insuficiente
ESTU-0936,63.6,88.3,50,72.8,61.1,84,0,40.4,Insuficiente
ESTU-0937,50.9,56.2,86.8,65,94.6,81.1,0,46.6,Insuficiente
ESTU-0938,95.7,89.5,75,49.6,74.1,52.7,14.8,67.4,Bueno
ESTU-0939,55.9,69.9,97.1,50.3,85.7,54.3,0,46.1,Insuficiente
ESTU-0940,78.8,44.6,42.5,65.1,88.7,56.9,0,38,Insuficiente
ESTU-0941,63.7,43.5,55.9,85.4,60.5,64.7,0,36.7,Insuficiente
ESTU-0942,77.7,60.1,76.1,93.9,66,54.1,0,43.9,Insuficiente
ESTU-0943,82.6,87.1,57.8,45,90.9,41.2,0,60,Regular
ESTU-0944,91.5,82.5,82.9,63.6,61.8,92.8,0,80,Satisfactorio
ESTU-0945,60.3,87.3,85.5,46,87.6,97.9,0,46.7,Insuficiente
ESTU-0946,50.5,71,46.2,41,96.5,60.5,0,40.4,Insuficiente
ESTU-0947,56.8,66.4,70.8,79.7,77.4,60.3,0,44.4,Insuficiente
ESTU-0948,95,48.8,70.5,76.1,84.5,40.4,0,59.1,Regular
ESTU-0949,93.7,59.7,62.2,49.8,88.3,80.8,0,72.9,Satisfactorio
ESTU-0950,79.9,66,96,54,90.7,89.5,0,46.9,Insuficiente
ESTU-0951,80,45.3,89.7,41.4,63.7,48.8,0,55.8,Regular
ESTU-0952,83.3,53.2,81.8,90.1,43.1,49.6,0,58.5,Regular
ESTU-0953,58.8,75.9,82.9,98.5,64.1,87.4,0,47.1,Insuficiente
ESTU-0954,95.7,84.1,67.7,48.1,80.4,77,16.1,76.7,Satisfactorio
ESTU-0955,70.9,99.9,95.3,53.9,67,42.7,0,46.6,Insuficiente
ESTU-0956,69.2,96,81.7,92.1,84.9,77.4,0,52.9,Regular
ESTU-0957,75.9,78.6,83.7,95.6,61.4,58.5,0,46.7,Insuficiente
ESTU-0958,52.3,65.3,91.7,65.2,78.1,62.1,0,45.2,Insuficiente
ESTU-0959,58.3,78.2,56.4,43,51.2,86.2,0,33.9,Insuficiente
ESTU-0960,86.9,87.1,88.4,42.4,85,88.7,0,81.5,Optimo
ESTU-0961,54.1,47.1,51.7,74.4,72.7,64,0,37.6,Insuficiente
ESTU-0962,80.2,64.6,60.7,63.6,52.2,96.8,0,74.3,Satisfactorio
ESTU-0963,62.3,90.4,60.1,41.7,57.5,64.4,0,37.1,Insuficiente
ESTU-0964,69.5,63,98.7,75,84.9,86.3,0,48.5,Insuficiente
ESTU-0965,64.4,74.3,91.4,40.7,69,69,0,41.3,Insuficiente
ESTU-0966,67.8,75.3,82.1,87.2,53,93.9,0,43.2,Insuficiente
ESTU-0967,86,51.1,83.6,58.4,98,94.5,0,83.1,Optimo
ESTU-0968,64.9,61.7,73.7,42.4,82.9,45.2,0,40.3,Insuficiente
ESTU-0969,78.3,60.1,96.8,75.3,97.4,96.2,0,50.4,Insuficiente
ESTU-0970,73.8,41.6,69.8,63.9,65.6,89.5,0,36.5,Insuficiente
ESTU-0971,83.2,41.5,62.8,98.4,68.5,87.5,0,75.7,Satisfactorio
ESTU-0972,96.8,89.9,49.8,72.7,93.9,52.1,18.8,71.7,Satisfactorio
ESTU-0973,86.6,56.4,87.2,56.5,71.5,88.3,0,76.3,Satisfactorio
ESTU-0974,60.7,71.1,84.1,82.6,82.4,91,0,48.2,Insuficiente
ESTU-0975,51.6,57.9,63.1,56.3,55.1,57.3,0,34.7,Insuficiente
ESTU-0976,63.1,96.4,41.5,94.3,66.8,97.1,0,44.3,Insuficiente
ESTU-0977,79.8,55.6,90.3,62.5,47.4,43,0,37.3,Insuficiente
ESTU-0978,52.6,65.8,40.7,73,52.4,49,0,34.4,Insuficiente
ESTU-0979,74.8,92.4,82.2,43,40.1,72.3,0,37,Insuficiente
ESTU-0980,79.8,90.5,98.2,65.6,42.4,74.5,0,42.4,Insuficiente
ESTU-0981,66.7,51.2,66.3,89.9,98.6,78.7,0,47.4,Insuficiente
ESTU-0982,88.5,88.2,54.1,88.3,54.5,41,0,58,Regular
ESTU-0983,55.3,67.5,82.3,53.5,79.8,97.6,0,43.1,Insuficiente
ESTU-0984,53.8,69,89,53.6,90.3,42.7,0,46.3,Insuficiente
ESTU-0985,86.4,48,72.8,89,73,48.6,0,62,Bueno
ESTU-0986,74.8,44.8,98,95.8,49.2,40.8,0,41.6,Insuficiente
ESTU-0987,84.4,83.7,43.1,45.7,83.7,74,0,69.3,Bueno
ESTU-0988,71.7,69.8,70.3,67,76,95.9,0,42.8,Insuficiente
ESTU-0989,62.3,66.2,83.1,60.2,83.9,80,0,44.7,Insuficiente
ESTU-0990,91,83.8,91.8,92.2,86.2,89.4,0,88.7,Optimo
ESTU-0991,90,85.9,50.8,45,98.5,40.8,0,60.2,Regular
ESTU-0992,84.7,49.5,88,52.7,74.4,72.5,0,69.2,Bueno
ESTU-0993,63.6,76.6,73.2,85.1,60.5,67.6,0,43.4,Insuficiente
ESTU-0994,79.5,48.1,63.8,43.1,78.9,69.9,0,36.4,Insuficiente
ESTU-0995,68,85.1,47.9,69.6,44.1,44.3,0,35.8,Insuficiente
ESTU-0996,54.6,79.4,91.9,66.5,93.8,81.1,0,50.5,Insuficiente
ESTU-0997,95.9,97.4,49.4,60.1,47.2,70.2,9.4,67,Bueno
ESTU-0998,56.8,44.1,58.6,63.7,59.7,85.9,0,34.1,Insuficiente
ESTU-0999,97.5,43.4,57.4,71.8,88.9,69.1,17.8,72,Satisfactorio
ESTU-1000,72.3,56.9,92.3,49.7,75.8,49,0,41.7,Insuficiente
